"날짜","종가","시가","고가","저가","변동 %"
"2023- 05- 03","115.81","115.64","115.95","115.55","0.22%"
"2023- 05- 02","115.56","114.53","115.69","114.47","0.93%"
"2023- 05- 01","114.50","115.42","115.42","114.31","-0.61%"
"2023- 04- 28","115.20","114.78","115.48","114.55","0.41%"
"2023- 04- 27","114.73","115.42","115.55","114.66","-0.71%"
"2023- 04- 26","115.55","115.75","115.95","115.31","-0.22%"
"2023- 04- 25","115.80","115.03","115.94","115.03","0.80%"
"2023- 04- 24","114.88","114.47","115.06","114.45","0.36%"
"2023- 04- 21","114.47","114.70","115.00","114.41","-0.17%"
"2023- 04- 20","114.66","114.25","114.81","114.22","0.41%"
"2023- 04- 19","114.19","114.42","114.45","113.95","-0.25%"
"2023- 04- 18","114.48","114.30","114.67","114.25","0.10%"
"2023- 04- 17","114.36","114.86","114.97","114.25","-0.44%"
"2023- 04- 14","114.86","115.52","115.72","114.72","-0.51%"
"2023- 04- 13","115.45","115.89","116.09","115.39","-0.22%"
"2023- 04- 12","115.70","115.45","116.25","115.25","0.28%"
"2023- 04- 11","115.38","115.48","115.78","115.20","-0.12%"
"2023- 04- 10","115.52","115.77","115.98","115.38","-0.24%"
"2023- 04- 07","115.80","116.44","116.50","115.72","-0.64%"
"2023- 04- 06","116.55","116.39","116.94","116.34","-0.03%"
"2023- 04- 05","116.58","116.17","116.94","115.91","0.28%"
"2023- 04- 04","116.25","115.58","116.28","115.08","0.69%"
"2023- 04- 03","115.45","114.91","115.67","114.56","0.46%"
"2023- 03- 31","114.92","114.53","115.11","114.28","0.30%"
"2023- 03- 30","114.58","114.47","114.73","114.22","0.04%"
"2023- 03- 29","114.53","114.58","114.88","114.22","-0.10%"
"2023- 03- 28","114.64","114.98","115.23","114.53","-0.30%"
"2023- 03- 27","114.98","116.17","116.20","114.88","-0.97%"
"2023- 03- 24","116.11","115.89","117.05","115.67","0.11%"
"2023- 03- 23","115.98","115.45","116.25","115.03","0.77%"
"2023- 03- 22","115.09","114.12","115.61","113.81","0.85%"
"2023- 03- 21","114.12","114.98","115.45","114.06","-0.84%"
"2023- 03- 20","115.09","115.25","116.75","114.78","-0.62%"
"2023- 03- 17","115.81","114.27","115.91","114.05","1.42%"
"2023- 03- 16","114.19","115.33","116.03","114.16","-0.81%"
"2023- 03- 15","115.12","113.48","115.97","113.27","1.11%"
"2023- 03- 14","113.86","114.38","115.23","113.28","-0.70%"
"2023- 03- 13","114.66","113.19","115.41","112.66","1.34%"
"2023- 03- 10","113.14","111.66","113.31","111.64","1.49%"
"2023- 03- 09","111.48","110.81","111.72","110.70","0.50%"
"2023- 03- 08","110.92","110.98","111.45","110.64","-0.03%"
"2023- 03- 07","110.95","111.09","111.41","110.73","-0.03%"
"2023- 03- 06","110.98","111.11","111.53","110.95","-0.10%"
"2023- 03- 03","111.09","110.58","111.16","110.48","0.53%"
"2023- 03- 02","110.50","111.05","111.06","110.39","-0.45%"
"2023- 03- 01","111.00","111.53","111.61","110.91","-0.15%"
"2023- 02- 28","111.17","111.16","111.25","110.75","0.03%"
"2023- 02- 27","111.14","110.89","111.33","110.72","0.20%"
"2023- 02- 24","110.92","111.41","111.59","110.66","-0.47%"
"2023- 02- 23","111.44","111.20","111.53","110.80","0.22%"
"2023- 02- 22","111.20","111.06","111.45","110.95","0.13%"
"2023- 02- 21","111.06","111.98","112.02","110.98","-0.63%"
"2023- 02- 20","111.77","111.94","111.95","111.77","-0.15%"
"2023- 02- 19","111.94","111.97","112.02","111.94","-0.06%"
"2023- 02- 17","112.00","111.73","112.08","111.27","0.10%"
"2023- 02- 16","111.89","112.03","112.36","111.64","-0.14%"
"2023- 02- 15","112.05","112.41","112.56","111.97","-0.25%"
"2023- 02- 14","112.33","112.88","113.55","112.09","-0.40%"
"2023- 02- 13","112.78","112.64","112.89","112.53","0.08%"
"2023- 02- 10","112.69","113.19","113.22","112.62","-0.30%"
"2023- 02- 09","113.03","113.66","113.81","113.00","-0.34%"
"2023- 02- 08","113.41","113.25","113.64","113.19","0.16%"
"2023- 02- 07","113.23","113.45","113.88","113.17","-0.24%"
"2023- 02- 06","113.50","114.34","114.36","113.33","-0.80%"
"2023- 02- 03","114.42","115.50","115.70","114.25","-0.98%"
"2023- 02- 02","115.55","115.31","116.00","115.31","0.06%"
"2023- 02- 01","115.48","114.64","115.59","114.55","0.84%"
"2023- 01- 31","114.52","114.41","114.81","114.30","0.21%"
"2023- 01- 30","114.28","114.66","114.78","114.17","-0.29%"
"2023- 01- 27","114.61","114.78","114.88","114.38","-0.22%"
"2023- 01- 26","114.86","115.23","115.28","114.67","-0.24%"
"2023- 01- 25","115.14","115.14","115.41","114.92","0.10%"
"2023- 01- 24","115.03","114.75","115.12","114.44","0.30%"
"2023- 01- 23","114.69","115.03","115.22","114.59","-0.32%"
"2023- 01- 20","115.06","115.64","115.66","114.86","-0.50%"
"2023- 01- 19","115.64","115.86","116.25","115.45","-0.23%"
"2023- 01- 18","115.91","114.56","115.95","114.50","1.08%"
"2023- 01- 17","114.67","114.80","114.92","114.30","-0.03%"
"2023- 01- 16","114.70","114.75","114.92","114.53","-0.03%"
"2023- 01- 15","114.73","114.81","114.83","114.72","-0.03%"
"2023- 01- 13","114.77","115.27","115.48","114.75","-0.40%"
"2023- 01- 12","115.23","114.50","115.42","114.00","0.69%"
"2023- 01- 11","114.44","114.00","114.59","113.98","0.39%"
"2023- 01- 10","114.00","114.47","114.61","113.83","-0.54%"
"2023- 01- 09","114.62","114.23","114.73","114.00","0.35%"
"2023- 01- 06","114.22","113.02","114.36","112.64","1.06%"
"2023- 01- 05","113.02","113.33","113.36","112.58","-0.15%"
"2023- 01- 04","113.19","112.89","113.48","112.83","0.49%"
"2023- 01- 03","112.64","112.56","113.11","112.39","0.12%"
"2023- 01- 02","112.50","112.20","112.64","112.20","0.26%"
"2023- 01- 01","112.20","112.20","112.20","112.20","-0.09%"
"2022- 12- 30","112.30","112.50","112.52","111.88","-0.12%"
"2022- 12- 29","112.44","112.22","112.56","112.16","0.22%"
"2022- 12- 28","112.19","112.48","112.69","112.12","-0.12%"
"2022- 12- 27","112.33","113.19","113.20","112.31","-0.72%"
"2022- 12- 26","113.14","113.19","113.19","113.11","-0.04%"
"2022- 12- 25","113.19","113.19","113.19","113.19","0.10%"
"2022- 12- 23","113.08","113.42","113.48","112.97","-0.41%"
"2022- 12- 22","113.55","113.67","113.91","113.42","-0.01%"
"2022- 12- 21","113.56","113.50","114.05","113.30","0.03%"
"2022- 12- 20","113.53","114.14","114.17","113.31","-0.53%"
"2022- 12- 19","114.14","114.70","114.72","114.02","-0.58%"
"2022- 12- 16","114.81","114.94","114.95","114.19","-0.10%"
"2022- 12- 15","114.92","114.95","115.08","114.56","0.17%"
"2022- 12- 14","114.72","114.72","115.06","114.25","-0.05%"
"2022- 12- 13","114.78","113.84","115.36","113.78","0.83%"
"2022- 12- 12","113.83","113.97","114.39","113.70","-0.23%"
"2022- 12- 09","114.09","114.52","114.77","113.92","-0.31%"
"2022- 12- 08","114.45","115.00","115.03","114.38","-0.62%"
"2022- 12- 07","115.16","114.23","115.20","114.06","0.70%"
"2022- 12- 06","114.36","113.98","114.41","113.78","0.44%"
"2022- 12- 05","113.86","114.58","114.62","113.78","-0.70%"
"2022- 12- 02","114.66","114.70","114.89","113.67","0.04%"
"2022- 12- 01","114.61","114.11","114.77","113.84","0.98%"
"2022- 11- 30","113.50","112.97","114.16","112.55","0.46%"
"2022- 11- 29","112.98","113.33","113.64","112.88","-0.24%"
"2022- 11- 28","113.25","113.44","113.84","113.19","-0.05%"
"2022- 11- 25","113.31","113.27","113.77","112.86","0.01%"
"2022- 11- 24","113.30","113.05","113.47","113.03","0.04%"
"2022- 11- 23","113.25","112.86","113.39","112.50","0.30%"
"2022- 11- 22","112.91","112.50","113.00","112.47","0.29%"
"2022- 11- 21","112.58","112.55","112.98","112.36","0.02%"
"2022- 11- 18","112.56","112.89","113.06","112.48","-0.31%"
"2022- 11- 17","112.91","113.41","113.56","112.70","-0.50%"
"2022- 11- 16","113.48","112.94","113.61","112.55","0.57%"
"2022- 11- 15","112.84","112.39","113.27","112.30","0.38%"
"2022- 11- 14","112.41","112.45","112.48","112.17","-0.15%"
"2022- 11- 11","112.58","112.77","112.81","112.30","-0.18%"
"2022- 11- 10","112.78","110.92","112.84","110.69","1.98%"
"2022- 11- 09","110.59","110.55","111.00","110.27","0.04%"
"2022- 11- 08","110.55","109.84","110.58","109.70","0.57%"
"2022- 11- 07","109.92","110.39","110.45","109.86","-0.38%"
"2022- 11- 04","110.34","110.14","110.67","109.73","0.01%"
"2022- 11- 03","110.33","110.53","110.56","109.69","-0.53%"
"2022- 11- 02","110.92","110.81","111.59","110.53","0.04%"
"2022- 11- 01","110.88","111.00","111.94","110.78","0.00%"
"2022- 10- 31","110.88","111.14","111.25","110.69","-0.38%"
"2022- 10- 28","111.30","112.20","112.20","111.14","-0.61%"
"2022- 10- 27","111.98","111.41","112.25","110.86","0.51%"
"2022- 10- 26","111.41","110.88","111.55","110.88","0.48%"
"2022- 10- 25","110.88","110.14","111.28","110.11","0.77%"
"2022- 10- 24","110.03","110.16","110.75","109.75","-0.07%"
"2022- 10- 21","110.11","109.70","110.25","109.19","0.37%"
"2022- 10- 20","109.70","110.22","110.50","109.62","-0.62%"
"2022- 10- 19","110.38","111.27","111.27","110.27","-0.83%"
"2022- 10- 18","111.30","111.09","111.44","110.89","0.20%"
"2022- 10- 17","111.08","111.05","111.73","111.03","0.05%"
"2022- 10- 14","111.02","111.33","112.00","110.89","-0.28%"
"2022- 10- 13","111.33","111.62","112.38","110.39","-0.38%"
"2022- 10- 12","111.75","111.62","111.88","111.41","0.31%"
"2022- 10- 11","111.41","111.19","111.78","111.00","0.12%"
"2022- 10- 10","111.28","111.62","111.62","111.08","-0.42%"
"2022- 10- 07","111.75","112.03","112.03","111.58","-0.43%"
"2022- 10- 06","112.23","112.75","112.75","112.11","-0.48%"
"2022- 10- 05","112.77","113.66","113.66","112.55","-0.86%"
"2022- 10- 04","113.75","113.86","114.12","113.58","0.24%"
"2022- 10- 03","113.48","112.41","114.03","112.41","0.98%"
"2022- 09- 30","112.38","112.34","113.14","112.34","-0.33%"
"2022- 09- 29","112.75","112.69","112.81","111.94","-0.27%"
"2022- 09- 28","113.06","111.23","113.16","110.97","1.78%"
"2022- 09- 27","111.08","111.39","112.23","110.94","-0.43%"
"2022- 09- 26","111.56","112.80","112.80","111.25","-1.10%"
"2022- 09- 23","112.80","112.70","113.14","112.02","-0.19%"
"2022- 09- 22","113.02","113.94","114.28","112.81","-1.36%"
"2022- 09- 21","114.58","114.47","114.52","113.58","0.46%"
"2022- 09- 20","114.05","114.56","114.56","113.84","-0.45%"
"2022- 09- 19","114.56","114.84","115.00","114.84","-0.34%"
"2022- 09- 16","114.95","114.52","114.62","114.52","0.22%"
"2022- 09- 15","114.70","114.64","114.64","114.31","-0.46%"
"2022- 09- 14","115.23","114.88","115.41","114.88","0.01%"
"2022- 09- 13","115.22","115.78","115.78","115.23","-0.63%"
"2022- 09- 12","115.95","115.95","115.95","115.95","-0.11%"
"2022- 09- 09","116.08","116.88","116.88","116.06","-0.20%"
"2022- 09- 08","116.31","115.95","117.00","115.89","-0.18%"
"2022- 09- 07","116.52","116.00","116.00","116.00","0.50%"
"2022- 09- 06","115.94","115.94","115.94","115.94","-0.40%"
"2022- 09- 05","116.41","116.61","116.69","116.14","-0.17%"
"2022- 09- 04","116.61","116.66","116.84","116.61","-0.33%"
"2022- 09- 02","117.00","117.00","117.00","117.00","0.76%"
"2022- 09- 01","116.12","116.31","116.31","116.12","-0.75%"
"2022- 08- 31","117.00","117.47","117.47","116.42","-0.07%"
"2022- 08- 30","117.08","117.08","117.08","117.08","-0.03%"
"2022- 08- 29","117.11","117.11","117.11","117.11","-0.48%"
"2022- 08- 26","117.67","117.89","117.89","117.89","-0.19%"
"2022- 08- 25","117.89","117.75","117.75","117.75","0.47%"
"2022- 08- 24","117.34","117.34","117.34","117.34","-0.33%"
"2022- 08- 23","117.73","117.73","117.73","117.73","-0.07%"
"2022- 08- 22","117.81","118.22","118.22","118.22","-0.35%"
"2022- 08- 19","118.22","118.22","118.22","118.22","-0.63%"
"2022- 08- 18","118.97","118.97","118.97","118.97","0.08%"
"2022- 08- 17","118.88","119.41","119.41","119.41","-0.52%"
"2022- 08- 16","119.50","119.50","119.50","119.50","-0.26%"
"2022- 08- 15","119.81","119.81","119.81","119.81","0.36%"
"2022- 08- 12","119.38","119.38","119.38","119.38","0.15%"
"2022- 08- 11","119.20","119.20","119.20","119.20","-0.55%"
"2022- 08- 10","119.86","119.86","119.86","119.86","0.23%"
"2022- 08- 09","119.59","119.59","119.59","119.59","-0.30%"
"2022- 08- 08","119.95","119.95","119.95","119.95","0.42%"
"2022- 08- 05","119.45","119.45","119.45","119.45","-1.12%"
"2022- 08- 04","120.80","120.80","120.80","120.80","0.55%"
"2022- 08- 03","120.14","120.14","120.14","120.14","-0.02%"
"2022- 08- 02","120.16","120.16","120.16","120.16","-1.01%"
"2022- 08- 01","121.39","121.39","121.39","121.39","0.21%"
"2022- 07- 29","121.14","121.00","121.03","121.00","0.14%"
"2022- 07- 28","120.97","120.97","120.97","120.97","0.47%"
"2022- 07- 27","120.41","120.41","120.41","120.41","0.48%"
"2022- 07- 26","119.84","119.84","119.84","119.84","0.23%"
"2022- 07- 25","119.56","119.56","119.56","119.56","-0.18%"
"2022- 07- 22","119.78","119.78","119.78","119.78","0.84%"
"2022- 07- 21","118.78","118.78","118.78","118.78","0.95%"
"2022- 07- 20","117.66","117.66","117.66","117.66","-0.19%"
"2022- 07- 19","117.88","117.88","117.88","117.88","-0.42%"
"2022- 07- 18","118.38","118.38","118.38","118.38","-0.15%"
"2022- 07- 15","118.56","118.56","118.56","118.56","0.12%"
"2022- 07- 14","118.42","118.42","118.42","118.42","-0.29%"
"2022- 07- 13","118.77","118.77","118.77","118.77","0.25%"
"2022- 07- 12","118.47","118.47","118.47","118.47","0.24%"
"2022- 07- 11","118.19","118.19","118.19","118.19","0.66%"
"2022- 07- 08","117.42","117.42","117.42","117.42","-0.56%"
"2022- 07- 07","118.08","118.08","118.08","118.08","-0.67%"
"2022- 07- 06","118.88","118.88","118.88","118.88","-0.61%"
"2022- 07- 05","119.61","119.61","119.61","119.61","0.42%"
"2022- 07- 04","119.11","119.39","119.64","119.06","-0.22%"
"2022- 07- 03","119.38","119.45","119.50","119.31","0.36%"
"2022- 07- 01","118.95","118.95","118.95","118.95","0.47%"
"2022- 06- 30","118.39","118.39","118.39","118.39","0.86%"
"2022- 06- 29","117.38","117.38","117.38","117.38","0.70%"
"2022- 06- 28","116.56","116.56","116.56","116.56","-0.09%"
"2022- 06- 27","116.67","116.67","116.67","116.67","-0.45%"
"2022- 06- 24","117.20","117.20","117.20","117.20","-0.12%"
"2022- 06- 23","117.34","117.34","117.34","117.34","0.46%"
"2022- 06- 22","116.80","116.80","116.80","116.80","1.00%"
"2022- 06- 21","115.64","115.64","115.64","115.64","-0.24%"
"2022- 06- 20","115.92","115.95","116.33","115.88","-0.03%"
"2022- 06- 19","115.95","116.20","116.20","115.78","-0.63%"
"2022- 06- 17","116.69","116.75","117.05","116.25","0.30%"
"2022- 06- 16","116.34","115.86","116.33","115.16","0.56%"
"2022- 06- 15","115.69","114.94","116.39","114.94","0.63%"
"2022- 06- 14","114.97","115.88","116.64","114.98","-0.72%"
"2022- 06- 13","115.80","117.03","117.09","115.25","-1.29%"
"2022- 06- 10","117.31","118.45","118.62","117.25","-0.94%"
"2022- 06- 09","118.42","118.55","118.73","118.25","-0.16%"
"2022- 06- 08","118.61","118.89","118.89","118.50","-0.29%"
"2022- 06- 07","118.95","118.45","119.05","118.23","0.42%"
"2022- 06- 06","118.45","119.12","119.23","118.42","-0.50%"
"2022- 06- 03","119.05","119.27","119.36","118.84","-0.19%"
"2022- 06- 02","119.28","119.20","119.36","119.00","0.19%"
"2022- 06- 01","119.05","119.80","119.88","118.92","-0.66%"
"2022- 05- 31","119.84","120.52","120.58","119.58","-0.11%"
"2022- 05- 30","119.97","120.56","120.56","119.95","-0.48%"
"2022- 05- 29","120.55","120.50","120.58","120.47","0.06%"
"2022- 05- 27","120.48","120.61","120.84","120.44","-0.09%"
"2022- 05- 26","120.59","120.59","120.97","120.31","0.00%"
"2022- 05- 25","120.59","120.41","120.81","120.30","0.17%"
"2022- 05- 24","120.38","119.66","120.69","119.56","0.67%"
"2022- 05- 23","119.58","120.11","120.11","119.48","-0.45%"
"2022- 05- 20","120.12","119.83","120.27","119.50","0.35%"
"2022- 05- 19","119.70","119.42","120.31","119.19","0.22%"
"2022- 05- 18","119.44","118.72","119.53","118.50","0.49%"
"2022- 05- 17","118.86","119.67","119.75","118.66","-0.68%"
"2022- 05- 16","119.67","119.20","119.86","119.05","0.33%"
"2022- 05- 14","119.28","119.28","119.28","119.28","0.09%"
"2022- 05- 13","119.17","119.72","119.73","119.09","-0.69%"
"2022- 05- 12","120.00","119.19","120.02","119.14","0.61%"
"2022- 05- 11","119.27","118.77","119.41","118.11","0.41%"
"2022- 05- 10","118.78","118.45","119.19","118.25","0.50%"
"2022- 05- 09","118.19","117.62","118.61","117.27","0.45%"
"2022- 05- 07","117.66","117.66","117.66","117.66","-0.12%"
"2022- 05- 06","117.80","118.19","118.30","117.58","-0.22%"
"2022- 05- 05","118.06","118.92","119.30","117.81","-0.92%"
"2022- 05- 04","119.16","118.38","119.20","118.14","0.54%"
"2022- 05- 03","118.52","118.39","118.94","118.14","0.15%"
"2022- 05- 02","118.34","118.75","119.06","118.22","-0.69%"
"2022- 04- 29","119.16","119.66","119.75","118.75","-0.17%"
"2022- 04- 28","119.36","119.69","120.03","119.20","-0.37%"
"2022- 04- 27","119.80","120.44","120.58","119.59","-0.21%"
"2022- 04- 26","120.05","119.53","120.50","119.23","0.37%"
"2022- 04- 25","119.61","118.95","120.19","118.83","0.56%"
"2022- 04- 22","118.94","118.72","119.14","118.25","0.16%"
"2022- 04- 21","118.75","119.52","119.56","118.44","-0.63%"
"2022- 04- 20","119.50","118.92","119.64","118.61","0.33%"
"2022- 04- 19","119.11","119.61","119.83","118.84","-0.44%"
"2022- 04- 18","119.64","119.80","120.02","119.36","-0.25%"
"2022- 04- 14","119.94","120.67","121.28","119.70","-0.71%"
"2022- 04- 13","120.80","120.42","121.22","119.97","0.25%"
"2022- 04- 12","120.50","119.72","120.81","119.33","0.63%"
"2022- 04- 11","119.75","120.00","120.09","119.53","-0.31%"
"2022- 04- 08","120.12","120.47","120.72","119.91","-0.36%"
"2022- 04- 07","120.55","120.77","121.20","120.39","-0.12%"
"2022- 04- 06","120.69","120.94","121.05","120.17","-0.19%"
"2022- 04- 05","120.92","122.14","122.31","120.80","-0.96%"
"2022- 04- 04","122.09","122.08","122.39","121.84","-0.05%"
"2022- 04- 02","122.16","122.16","122.16","122.16","-0.06%"
"2022- 04- 01","122.23","122.66","122.67","121.75","-0.53%"
"2022- 03- 31","122.88","122.70","123.12","122.58","0.21%"
"2022- 03- 30","122.62","122.33","122.83","122.02","0.24%"
"2022- 03- 29","122.33","121.75","122.44","121.09","0.52%"
"2022- 03- 28","121.70","121.67","122.19","120.95","0.12%"
"2022- 03- 25","121.55","122.69","122.94","121.50","-1.11%"
"2022- 03- 24","122.92","123.30","123.31","122.52","-0.18%"
"2022- 03- 23","123.14","122.64","123.38","122.38","0.18%"
"2022- 03- 22","122.92","123.50","123.75","122.95","-0.42%"
"2022- 03- 21","123.44","124.84","124.84","123.39","-1.12%"
"2022- 03- 20","124.84","124.83","124.84","124.83","0.03%"
"2022- 03- 18","124.81","124.67","125.03","124.66","0.23%"
"2022- 03- 17","124.52","124.75","125.03","124.45","0.06%"
"2022- 03- 16","124.45","124.94","125.34","124.05","-0.29%"
"2022- 03- 15","124.81","124.94","125.48","124.88","-0.11%"
"2022- 03- 14","124.95","126.20","126.20","124.89","-0.85%"
"2022- 03- 11","126.02","126.41","126.47","125.95","-0.06%"
"2022- 03- 10","126.09","126.66","126.83","126.05","-0.39%"
"2022- 03- 09","126.59","127.38","127.47","126.58","-0.46%"
"2022- 03- 08","127.17","127.95","128.05","127.14","-0.71%"
"2022- 03- 07","128.08","128.73","129.06","127.83","-0.35%"
"2022- 03- 04","128.53","127.55","128.83","127.55","0.76%"
"2022- 03- 03","127.56","127.38","127.70","127.16","0.20%"
"2022- 03- 02","127.31","128.45","128.86","127.08","-1.10%"
"2022- 03- 01","128.72","127.50","128.95","127.23","1.00%"
"2022- 02- 28","127.45","126.98","127.59","126.81","0.95%"
"2022- 02- 25","126.25","126.45","126.67","126.00","-0.17%"
"2022- 02- 24","126.47","126.19","127.39","126.19","0.15%"
"2022- 02- 23","126.28","126.52","126.61","126.09","-0.15%"
"2022- 02- 22","126.47","126.80","127.28","126.38","-0.53%"
"2022- 02- 21","127.14","126.81","127.22","126.47","0.26%"
"2022- 02- 20","126.81","126.77","126.92","126.73","0.11%"
"2022- 02- 18","126.67","126.48","126.80","126.22","0.20%"
"2022- 02- 17","126.42","125.80","126.48","125.78","0.48%"
"2022- 02- 16","125.81","125.70","126.03","125.64","0.06%"
"2022- 02- 15","125.73","126.03","126.20","125.58","-0.20%"
"2022- 02- 14","125.98","126.52","126.80","125.78","-0.32%"
"2022- 02- 11","126.39","125.75","126.73","125.59","0.47%"
"2022- 02- 10","125.80","126.64","126.81","125.55","-0.75%"
"2022- 02- 09","126.75","126.48","126.92","126.42","0.13%"
"2022- 02- 08","126.58","126.89","126.92","126.47","-0.26%"
"2022- 02- 07","126.91","126.84","127.03","126.70","0.11%"
"2022- 02- 04","126.77","127.58","127.75","126.73","-0.68%"
"2022- 02- 03","127.64","128.03","128.23","127.50","-0.37%"
"2022- 02- 02","128.12","127.88","128.30","127.77","0.19%"
"2022- 02- 01","127.88","128.02","128.36","127.69","-0.07%"
"2022- 01- 31","127.97","127.91","128.05","127.67","0.02%"
"2022- 01- 28","127.95","127.67","128.03","127.33","0.23%"
"2022- 01- 27","127.66","127.34","127.88","127.28","0.11%"
"2022- 01- 26","127.52","128.20","128.27","127.20","-0.47%"
"2022- 01- 25","128.12","128.20","128.53","128.03","-0.31%"
"2022- 01- 24","128.52","128.22","128.70","127.98","0.16%"
"2022- 01- 21","128.31","127.91","128.50","127.88","0.48%"
"2022- 01- 20","127.70","127.34","127.95","127.25","0.02%"
"2022- 01- 19","127.67","127.30","127.73","127.06","0.23%"
"2022- 01- 18","127.38","128.03","128.05","127.25","-0.39%"
"2022- 01- 17","127.88","127.77","127.88","127.73","0.02%"
"2022- 01- 16","127.84","128.02","128.03","127.83","-0.27%"
"2022- 01- 14","128.19","128.75","128.80","128.03","-0.41%"
"2022- 01- 13","128.72","128.38","128.84","128.25","0.11%"
"2022- 01- 12","128.58","128.47","128.70","128.33","0.15%"
"2022- 01- 11","128.39","128.27","128.47","128.03","0.20%"
"2022- 01- 10","128.14","128.33","128.38","127.94","-0.12%"
"2022- 01- 07","128.30","128.62","128.75","128.03","-0.18%"
"2022- 01- 06","128.53","128.84","129.00","128.44","-0.24%"
"2022- 01- 05","128.84","129.39","129.44","128.80","-0.34%"
"2022- 01- 04","129.28","129.50","129.59","129.12","-0.12%"
"2022- 01- 03","129.44","130.33","130.34","129.39","-0.79%"
"2021- 12- 31","130.47","130.44","130.58","130.31","0.05%"
"2021- 12- 30","130.41","130.19","130.50","130.17","0.15%"
"2021- 12- 29","130.22","130.62","130.73","130.09","-0.30%"
"2021- 12- 28","130.61","130.59","130.77","130.52","0.04%"
"2021- 12- 27","130.56","130.50","130.67","130.41","0.01%"
"2021- 12- 23","130.55","130.73","130.81","130.47","-0.14%"
"2021- 12- 22","130.73","130.75","130.89","130.53","-0.37%"
"2021- 12- 21","131.22","131.83","131.91","131.17","-0.46%"
"2021- 12- 20","131.83","131.98","132.19","131.77","0.53%"
"2021- 12- 18","131.14","131.14","131.14","131.14","-0.52%"
"2021- 12- 17","131.83","131.72","132.06","131.72","0.05%"
"2021- 12- 16","131.77","131.20","131.75","131.14","0.47%"
"2021- 12- 15","131.16","131.34","131.41","130.94","-0.11%"
"2021- 12- 14","131.30","131.47","131.55","131.17","-0.17%"
"2021- 12- 13","131.52","131.12","131.59","130.97","0.85%"
"2021- 12- 11","130.41","130.41","130.41","130.41","-0.52%"
"2021- 12- 10","131.09","131.05","131.38","130.78","0.01%"
"2021- 12- 09","131.08","130.88","131.23","130.70","0.12%"
"2021- 12- 08","130.92","131.19","131.42","130.67","-0.08%"
"2021- 12- 07","131.03","131.44","131.45","131.00","-0.24%"
"2021- 12- 06","131.34","131.92","131.92","131.31","-0.50%"
"2021- 12- 04","132.00","132.00","132.00","131.36","-0.09%"
"2021- 12- 03","132.12","131.47","132.27","131.14","0.62%"
"2021- 12- 02","131.31","131.73","131.78","131.19","-0.25%"
"2021- 12- 01","131.64","131.47","131.84","130.95","0.07%"
"2021- 11- 30","131.55","131.30","132.05","131.03","0.38%"
"2021- 11- 29","131.05","130.97","131.33","130.64","-0.09%"
"2021- 11- 27","131.17","131.17","131.17","131.17","0.00%"
"2021- 11- 26","131.17","129.84","131.33","129.75","0.71%"
"2021- 11- 25","130.25","129.84","130.25","129.75","0.32%"
"2021- 11- 24","129.83","129.77","130.11","129.50","0.04%"
"2021- 11- 23","129.78","129.97","130.06","129.59","-0.17%"
"2021- 11- 22","130.00","130.75","130.75","129.91","-0.56%"
"2021- 11- 20","130.73","130.73","130.73","130.73","-0.11%"
"2021- 11- 19","130.88","130.58","131.25","130.42","0.23%"
"2021- 11- 18","130.58","130.52","130.67","130.36","0.10%"
"2021- 11- 17","130.45","130.16","130.59","130.05","0.22%"
"2021- 11- 16","130.17","130.31","130.53","130.09","-0.10%"
"2021- 11- 15","130.30","130.62","130.86","130.23","-0.28%"
"2021- 11- 13","130.67","130.67","130.67","130.67","0.11%"
"2021- 11- 12","130.53","130.36","130.81","130.31","0.15%"
"2021- 11- 11","130.33","130.73","130.81","130.28","-0.31%"
"2021- 11- 10","130.73","131.75","131.78","130.56","-0.84%"
"2021- 11- 09","131.84","131.34","131.92","131.33","0.41%"
"2021- 11- 08","131.30","131.72","131.80","131.25","-0.40%"
"2021- 11- 06","131.83","131.83","131.83","131.83","0.00%"
"2021- 11- 05","131.83","131.22","131.95","131.05","0.40%"
"2021- 11- 04","131.31","130.59","131.44","130.56","0.41%"
"2021- 11- 03","130.77","130.92","131.17","130.48","-0.15%"
"2021- 11- 02","130.97","130.73","131.14","130.64","0.24%"
"2021- 11- 01","130.66","130.64","130.80","130.39","-0.03%"
"2021- 10- 30","130.70","130.70","130.70","130.70","0.00%"
"2021- 10- 29","130.70","130.69","130.88","130.23","-0.04%"
"2021- 10- 28","130.75","130.98","131.08","130.61","-0.32%"
"2021- 10- 27","131.17","130.64","131.22","130.44","0.43%"
"2021- 10- 26","130.61","130.59","130.70","130.36","0.04%"
"2021- 10- 25","130.56","130.48","130.69","130.25","0.06%"
"2021- 10- 23","130.48","130.48","130.48","130.48","0.11%"
"2021- 10- 22","130.34","130.00","130.50","129.98","0.12%"
"2021- 10- 21","130.19","130.44","130.58","129.97","-0.34%"
"2021- 10- 20","130.64","130.52","130.75","130.25","0.06%"
"2021- 10- 19","130.56","130.64","130.97","130.45","-0.16%"
"2021- 10- 18","130.77","130.91","130.94","130.44","-0.15%"
"2021- 10- 15","130.97","131.52","131.53","130.91","-0.40%"
"2021- 10- 14","131.50","131.31","131.61","131.19","0.21%"
"2021- 10- 13","131.22","131.11","131.48","130.80","0.06%"
"2021- 10- 12","131.14","130.84","131.23","130.80","0.23%"
"2021- 10- 11","130.84","131.03","131.05","130.80","-0.15%"
"2021- 10- 09","131.03","131.03","131.03","131.03","-0.08%"
"2021- 10- 08","131.14","131.34","131.58","131.03","-0.19%"
"2021- 10- 07","131.39","131.72","131.78","131.31","-0.25%"
"2021- 10- 06","131.72","131.73","131.84","131.41","-0.01%"
"2021- 10- 05","131.73","132.08","132.11","131.64","-0.26%"
"2021- 10- 04","132.08","132.19","132.27","131.86","-0.09%"
"2021- 10- 02","132.20","132.20","132.20","132.20","0.03%"
"2021- 10- 01","132.17","131.89","132.22","131.75","0.43%"
"2021- 09- 30","131.61","131.66","131.95","131.34","0.11%"
"2021- 09- 29","131.47","131.44","131.80","131.31","0.00%"
"2021- 09- 28","131.47","131.75","131.84","131.22","-0.25%"
"2021- 09- 27","131.80","132.08","132.17","131.61","-0.22%"
"2021- 09- 25","132.09","132.09","132.09","132.09","0.06%"
"2021- 09- 24","132.02","132.20","132.45","131.97","-0.27%"
"2021- 09- 23","132.38","133.19","133.19","132.16","-0.45%"
"2021- 09- 22","132.98","133.17","133.39","132.92","-0.66%"
"2021- 09- 21","133.86","133.86","133.97","133.64","0.01%"
"2021- 09- 20","133.84","133.38","133.91","133.38","0.76%"
"2021- 09- 18","132.83","132.83","132.83","132.83","-0.44%"
"2021- 09- 17","133.41","133.69","133.72","133.28","-0.22%"
"2021- 09- 16","133.70","133.98","134.05","133.56","-0.22%"
"2021- 09- 15","134.00","134.14","134.22","133.89","-0.15%"
"2021- 09- 14","134.20","133.91","134.31","133.73","0.21%"
"2021- 09- 13","133.92","133.80","133.98","133.72","0.59%"
"2021- 09- 11","133.14","133.14","133.14","133.14","-0.47%"
"2021- 09- 10","133.77","134.05","134.09","133.70","-0.24%"
"2021- 09- 09","134.09","133.88","134.19","133.77","0.17%"
"2021- 09- 08","133.86","133.61","133.91","133.61","0.18%"
"2021- 09- 07","133.62","133.97","133.97","133.53","0.25%"
"2021- 09- 06","133.28","133.97","133.97","133.23","-0.06%"
"2021- 09- 05","133.36","133.38","134.02","133.33","-0.49%"
"2021- 09- 04","134.02","134.02","134.02","133.38","0.01%"
"2021- 09- 03","134.00","134.19","134.48","133.88","-0.09%"
"2021- 09- 02","134.12","134.06","134.22","134.06","0.05%"
"2021- 09- 01","134.05","134.00","134.23","133.84","0.00%"
"2021- 08- 31","134.05","134.14","134.28","133.97","-0.05%"
"2021- 08- 30","134.12","133.91","134.19","133.86","0.17%"
"2021- 08- 28","133.89","133.89","133.89","133.89","0.00%"
"2021- 08- 27","133.89","133.52","133.97","133.42","0.22%"
"2021- 08- 26","133.59","133.61","133.69","133.38","-0.02%"
"2021- 08- 25","133.62","133.94","134.05","133.55","-0.27%"
"2021- 08- 24","133.98","134.20","134.23","133.92","-0.18%"
"2021- 08- 23","134.22","134.14","134.27","133.94","0.05%"
"2021- 08- 21","134.16","134.16","134.16","134.16","0.03%"
"2021- 08- 20","134.12","134.30","134.44","134.06","-0.16%"
"2021- 08- 19","134.33","134.22","134.53","134.17","0.14%"
"2021- 08- 18","134.14","134.22","134.31","133.91","-0.10%"
"2021- 08- 17","134.27","134.23","134.61","134.16","-0.04%"
"2021- 08- 16","134.33","134.12","134.56","134.06","0.18%"
"2021- 08- 14","134.09","134.09","134.09","134.09","0.11%"
"2021- 08- 13","133.95","133.52","134.09","133.47","0.37%"
"2021- 08- 12","133.45","133.59","133.78","133.41","-0.10%"
"2021- 08- 11","133.58","133.52","133.91","133.30","0.02%"
"2021- 08- 10","133.55","133.70","133.86","133.47","-0.17%"
"2021- 08- 09","133.78","133.91","134.20","133.66","-0.13%"
"2021- 08- 07","133.95","133.95","133.95","133.95","-0.03%"
"2021- 08- 06","134.00","134.42","134.47","133.89","-0.37%"
"2021- 08- 05","134.50","134.83","134.91","134.39","-0.24%"
"2021- 08- 04","134.83","134.98","135.44","134.62","-0.13%"
"2021- 08- 03","135.00","134.91","135.19","134.78","0.00%"
"2021- 08- 02","135.00","134.53","135.16","134.45","0.41%"
"2021- 07- 30","134.45","134.19","134.59","134.19","0.17%"
"2021- 07- 29","134.22","134.45","134.50","134.09","-0.04%"
"2021- 07- 28","134.27","134.39","134.56","134.08","-0.15%"
"2021- 07- 27","134.47","134.11","134.56","134.09","0.20%"
"2021- 07- 26","134.20","134.19","134.59","134.06","0.04%"
"2021- 07- 23","134.14","134.12","134.22","133.94","-0.08%"
"2021- 07- 22","134.25","134.05","134.47","133.86","0.10%"
"2021- 07- 21","134.11","134.53","134.83","133.98","-0.42%"
"2021- 07- 20","134.67","134.59","135.22","134.44","-0.01%"
"2021- 07- 19","134.69","133.84","134.80","133.81","0.68%"
"2021- 07- 16","133.78","133.78","133.84","133.45","-0.01%"
"2021- 07- 15","133.80","133.50","133.88","133.44","0.26%"
"2021- 07- 14","133.45","132.97","133.53","132.94","0.35%"
"2021- 07- 13","132.98","133.41","133.56","132.97","-0.32%"
"2021- 07- 12","133.41","133.39","133.64","133.27","-0.01%"
"2021- 07- 09","133.42","133.80","133.81","133.38","-0.35%"
"2021- 07- 08","133.89","133.58","134.09","133.52","0.25%"
"2021- 07- 07","133.55","133.34","133.70","133.20","0.25%"
"2021- 07- 06","133.22","132.75","133.39","132.58","0.42%"
"2021- 07- 05","132.66","132.74","132.79","132.66","-0.06%"
"2021- 07- 04","132.74","132.77","132.77","132.71","0.05%"
"2021- 07- 02","132.67","132.38","132.80","132.23","0.30%"
"2021- 07- 01","132.27","132.31","132.47","132.19","-0.17%"
"2021- 06- 30","132.50","132.28","132.56","132.19","0.17%"
"2021- 06- 29","132.27","132.25","132.30","132.02","0.00%"
"2021- 06- 28","132.27","131.92","132.33","131.89","0.31%"
"2021- 06- 25","131.86","132.11","132.27","131.77","-0.23%"
"2021- 06- 24","132.17","132.16","132.28","132.03","-0.02%"
"2021- 06- 23","132.19","132.39","132.47","132.11","-0.13%"
"2021- 06- 22","132.36","132.17","132.44","132.02","-0.53%"
"2021- 06- 21","133.06","133.36","133.55","132.61","-0.08%"
"2021- 06- 18","133.16","132.84","133.25","132.69","0.19%"
"2021- 06- 17","132.91","132.56","133.05","132.48","0.16%"
"2021- 06- 16","132.70","133.47","133.55","132.53","-0.55%"
"2021- 06- 15","133.44","133.47","133.59","133.38","0.01%"
"2021- 06- 14","133.42","133.77","133.80","133.38","-0.21%"
"2021- 06- 11","133.70","133.94","134.06","133.66","-0.07%"
"2021- 06- 10","133.80","133.67","133.98","133.25","0.12%"
"2021- 06- 09","133.64","133.30","133.78","133.30","0.21%"
"2021- 06- 08","133.36","133.06","133.45","133.06","0.25%"
"2021- 06- 07","133.03","133.09","133.09","132.95","-0.07%"
"2021- 06- 04","133.12","132.55","133.14","132.50","0.45%"
"2021- 06- 03","132.53","132.86","132.89","132.52","-0.25%"
"2021- 06- 02","132.86","132.72","132.92","132.67","0.10%"
"2021- 06- 01","132.73","132.73","132.81","132.56","0.71%"
"2021- 05- 31","131.80","131.79","131.87","131.70","0.00%"
"2021- 05- 30","131.80","131.81","131.84","131.80","-0.80%"
"2021- 05- 28","132.86","132.69","132.97","132.56","0.13%"
"2021- 05- 27","132.69","132.84","132.94","132.56","-0.17%"
"2021- 05- 26","132.91","132.98","133.06","132.83","-0.05%"
"2021- 05- 25","132.97","132.62","133.05","132.59","0.26%"
"2021- 05- 24","132.62","132.53","132.69","132.47","0.14%"
"2021- 05- 21","132.44","132.50","132.62","132.38","-0.03%"
"2021- 05- 20","132.48","132.09","132.53","132.03","0.34%"
"2021- 05- 19","132.03","132.39","132.58","131.94","-0.27%"
"2021- 05- 18","132.39","132.25","132.45","132.23","0.04%"
"2021- 05- 17","132.34","132.42","132.67","132.25","-0.05%"
"2021- 05- 14","132.41","132.22","132.53","132.19","0.17%"
"2021- 05- 13","132.19","131.92","132.31","131.84","0.20%"
"2021- 05- 12","131.92","132.45","132.56","131.88","-0.40%"
"2021- 05- 11","132.45","132.61","132.73","132.39","-0.12%"
"2021- 05- 10","132.61","132.70","132.95","132.56","-0.11%"
"2021- 05- 07","132.75","132.58","133.52","132.55","0.06%"
"2021- 05- 06","132.67","132.62","132.75","132.52","0.09%"
"2021- 05- 05","132.55","132.42","132.67","132.17","0.10%"
"2021- 05- 04","132.42","132.33","132.73","132.16","0.07%"
"2021- 05- 03","132.33","132.05","132.50","131.83","0.23%"
"2021- 04- 30","132.03","131.97","132.14","131.81","0.04%"
"2021- 04- 29","131.98","132.17","132.17","131.58","-0.08%"
"2021- 04- 28","132.09","132.02","132.20","131.72","0.05%"
"2021- 04- 27","132.03","132.36","132.39","131.95","-0.26%"
"2021- 04- 26","132.38","132.39","132.50","132.16","-0.05%"
"2021- 04- 23","132.44","132.64","132.73","132.31","-0.08%"
"2021- 04- 22","132.55","132.53","132.77","132.28","0.02%"
"2021- 04- 21","132.53","132.58","132.64","132.36","-0.02%"
"2021- 04- 20","132.56","132.20","132.61","131.98","0.25%"
"2021- 04- 19","132.23","132.34","132.56","132.05","-0.11%"
"2021- 04- 16","132.38","132.39","132.55","132.19","-0.21%"
"2021- 04- 15","132.66","131.91","132.69","131.83","0.56%"
"2021- 04- 14","131.92","132.11","132.19","131.78","-0.12%"
"2021- 04- 13","132.08","131.70","132.12","131.38","0.35%"
"2021- 04- 12","131.62","131.73","131.89","131.53","-0.08%"
"2021- 04- 09","131.73","132.05","132.08","131.47","-0.20%"
"2021- 04- 08","132.00","131.66","132.09","131.66","0.13%"
"2021- 04- 07","131.83","131.67","131.95","131.58","0.11%"
"2021- 04- 06","131.69","131.28","131.73","131.11","0.44%"
"2021- 04- 05","131.11","130.95","131.27","130.80","0.12%"
"2021- 04- 02","130.95","131.47","131.62","130.92","-0.36%"
"2021- 04- 01","131.42","130.98","131.55","130.91","0.37%"
"2021- 03- 31","130.94","131.30","131.30","130.91","-0.19%"
"2021- 03- 30","131.19","131.39","131.42","130.81","-0.13%"
"2021- 03- 29","131.36","131.64","131.98","131.30","-0.31%"
"2021- 03- 26","131.77","131.95","132.12","131.62","-0.28%"
"2021- 03- 25","132.14","132.12","132.30","131.89","0.04%"
"2021- 03- 24","132.09","132.02","132.28","131.81","0.13%"
"2021- 03- 23","131.92","131.48","132.09","131.44","-0.63%"
"2021- 03- 22","132.75","132.62","132.78","132.62","0.29%"
"2021- 03- 19","132.36","132.53","132.80","132.31","-0.06%"
"2021- 03- 18","132.44","133.14","133.14","132.23","-0.59%"
"2021- 03- 17","133.23","133.02","133.17","132.66","0.11%"
"2021- 03- 16","133.08","133.19","133.30","133.02","0.00%"
"2021- 03- 15","133.08","133.11","133.16","132.89","0.13%"
"2021- 03- 12","132.91","133.61","133.61","132.89","-0.61%"
"2021- 03- 11","133.72","133.58","134.09","133.52","0.07%"
"2021- 03- 10","133.62","133.48","133.72","133.30","0.16%"
"2021- 03- 09","133.41","132.97","133.48","132.97","0.32%"
"2021- 03- 08","132.98","133.14","133.22","132.94","-0.35%"
"2021- 03- 05","133.45","133.44","133.62","132.88","-0.04%"
"2021- 03- 04","133.50","134.06","134.28","133.48","-0.48%"
"2021- 03- 03","134.14","134.73","134.73","133.95","-0.37%"
"2021- 03- 02","134.64","134.42","134.84","134.27","0.27%"
"2021- 03- 01","134.28","134.27","134.58","134.09","0.36%"
"2021- 02- 26","133.80","133.70","134.39","133.33","0.10%"
"2021- 02- 25","133.67","135.23","135.28","133.08","-1.10%"
"2021- 02- 24","135.16","135.55","135.72","134.86","-0.19%"
"2021- 02- 23","135.42","135.34","135.56","135.20","0.07%"
"2021- 02- 22","135.33","135.42","135.59","135.03","-0.09%"
"2021- 02- 19","135.45","135.83","135.89","135.33","-0.30%"
"2021- 02- 18","135.86","135.95","136.06","135.62","0.08%"
"2021- 02- 17","135.75","135.66","135.95","135.47","-0.02%"
"2021- 02- 16","135.78","136.45","136.47","135.64","-0.29%"
"2021- 02- 15","136.18","136.32","136.35","136.05","-0.10%"
"2021- 02- 14","136.32","136.49","136.49","136.29","-0.17%"
"2021- 02- 12","136.55","136.81","136.94","136.47","-0.23%"
"2021- 02- 11","136.86","136.98","137.06","136.80","-0.04%"
"2021- 02- 10","136.92","136.70","136.98","136.58","0.15%"
"2021- 02- 09","136.72","136.62","136.81","136.61","0.02%"
"2021- 02- 08","136.69","136.67","136.78","136.45","0.00%"
"2021- 02- 05","136.69","136.77","136.92","136.50","-0.08%"
"2021- 02- 04","136.80","136.73","136.84","136.59","0.00%"
"2021- 02- 03","136.80","137.02","137.02","136.72","-0.10%"
"2021- 02- 02","136.94","137.16","137.22","136.88","-0.18%"
"2021- 02- 01","137.19","137.17","137.30","137.06","0.12%"
"2021- 01- 29","137.03","137.27","137.33","136.89","-0.16%"
"2021- 01- 28","137.25","137.16","137.19","137.04","-0.20%"
"2021- 01- 27","137.53","137.38","137.64","137.28","0.11%"
"2021- 01- 26","137.38","137.42","137.45","137.27","0.00%"
"2021- 01- 25","137.38","137.03","137.45","136.94","0.26%"
"2021- 01- 22","137.03","136.88","137.08","136.81","0.10%"
"2021- 01- 21","136.89","137.00","137.06","136.73","-0.06%"
"2021- 01- 20","136.97","136.95","137.06","136.80","0.02%"
"2021- 01- 19","136.94","136.92","136.98","136.66","0.07%"
"2021- 01- 18","136.84","136.93","136.98","136.84","-0.07%"
"2021- 01- 17","136.94","136.93","136.98","136.91","0.06%"
"2021- 01- 15","136.86","136.53","136.95","136.52","0.22%"
"2021- 01- 14","136.56","136.80","136.88","136.50","-0.15%"
"2021- 01- 13","136.77","136.42","136.86","136.38","0.28%"
"2021- 01- 12","136.39","136.31","136.45","136.03","-0.02%"
"2021- 01- 11","136.42","136.56","136.75","136.30","-0.18%"
"2021- 01- 08","136.66","136.88","136.92","136.52","-0.21%"
"2021- 01- 07","136.95","137.23","137.30","136.84","-0.18%"
"2021- 01- 06","137.20","137.83","137.92","137.09","-0.46%"
"2021- 01- 05","137.84","138.16","138.16","137.78","-0.20%"
"2021- 01- 04","138.12","137.97","138.17","137.81","0.07%"
"2021- 01- 01","138.03","138.03","138.03","138.03","-0.04%"
"2020- 12- 31","138.08","137.97","138.11","137.89","0.08%"
"2020- 12- 30","137.97","137.89","137.98","137.75","0.04%"
"2020- 12- 29","137.92","137.97","137.97","137.80","0.00%"
"2020- 12- 28","137.92","137.92","137.98","137.67","0.03%"
"2020- 12- 24","137.88","137.80","137.94","137.73","0.08%"
"2020- 12- 23","137.77","137.98","138.09","137.62","-0.15%"
"2020- 12- 22","137.98","137.80","138.00","137.77","-0.31%"
"2020- 12- 21","138.41","138.66","138.70","138.33","0.15%"
"2020- 12- 18","138.20","138.36","138.39","138.19","-0.07%"
"2020- 12- 17","138.30","138.30","138.53","138.20","-0.02%"
"2020- 12- 16","138.33","138.42","138.42","138.11","0.02%"
"2020- 12- 15","138.30","138.48","138.58","138.27","-0.14%"
"2020- 12- 14","138.50","138.36","138.52","138.17","0.00%"
"2020- 12- 11","138.50","138.30","138.59","138.28","0.14%"
"2020- 12- 10","138.31","138.12","138.30","138.09","0.19%"
"2020- 12- 09","138.05","138.12","138.16","137.95","-0.12%"
"2020- 12- 08","138.22","138.19","138.39","138.08","0.06%"
"2020- 12- 07","138.14","137.81","138.17","137.80","0.24%"
"2020- 12- 04","137.81","138.14","138.20","137.69","-0.20%"
"2020- 12- 03","138.08","137.95","138.20","137.86","0.17%"
"2020- 12- 02","137.84","137.98","138.05","137.70","0.00%"
"2020- 12- 01","137.84","138.53","138.59","137.83","-0.50%"
"2020- 11- 30","138.53","138.53","138.62","138.42","-0.01%"
"2020- 11- 27","138.55","138.25","138.55","138.23","0.07%"
"2020- 11- 26","138.45","138.27","138.46","138.27","0.13%"
"2020- 11- 25","138.27","138.25","138.47","138.12","0.01%"
"2020- 11- 24","138.25","138.33","138.38","138.17","-0.04%"
"2020- 11- 23","138.31","138.53","138.55","138.27","-0.14%"
"2020- 11- 20","138.50","138.52","138.62","138.38","0.10%"
"2020- 11- 19","138.36","138.22","138.52","138.22","0.12%"
"2020- 11- 18","138.19","138.36","138.52","138.08","-0.08%"
"2020- 11- 17","138.30","138.03","138.36","137.95","0.20%"
"2020- 11- 16","138.03","138.08","138.25","137.84","-0.06%"
"2020- 11- 13","138.11","138.20","138.33","138.05","-0.04%"
"2020- 11- 12","138.16","137.62","138.23","137.61","0.40%"
"2020- 11- 11","137.61","137.50","137.67","137.25","0.12%"
"2020- 11- 10","137.44","137.81","137.92","137.42","-0.10%"
"2020- 11- 09","137.58","138.50","138.77","137.41","-0.70%"
"2020- 11- 06","138.55","138.97","139.03","138.39","-0.24%"
"2020- 11- 05","138.88","138.97","139.27","138.77","-0.07%"
"2020- 11- 04","138.98","137.95","139.03","137.64","0.64%"
"2020- 11- 03","138.09","138.31","138.34","137.95","-0.15%"
"2020- 11- 02","138.30","138.17","138.48","138.14","0.06%"
"2020- 10- 30","138.22","138.47","138.61","138.11","-0.14%"
"2020- 10- 29","138.41","138.81","138.89","138.36","-0.28%"
"2020- 10- 28","138.80","138.89","139.09","138.77","-0.03%"
"2020- 10- 27","138.84","138.62","138.91","138.58","0.14%"
"2020- 10- 26","138.64","138.34","138.72","138.34","0.20%"
"2020- 10- 23","138.36","138.27","138.47","138.17","0.02%"
"2020- 10- 22","138.33","138.50","138.62","138.16","-0.18%"
"2020- 10- 21","138.58","138.75","138.77","138.41","-0.09%"
"2020- 10- 20","138.70","138.83","138.89","138.66","-0.16%"
"2020- 10- 19","138.92","139.03","139.05","138.75","-0.10%"
"2020- 10- 16","139.06","139.09","139.23","138.97","-0.04%"
"2020- 10- 15","139.12","139.20","139.44","139.06","-0.07%"
"2020- 10- 14","139.22","139.20","139.33","139.14","0.01%"
"2020- 10- 13","139.20","138.91","139.25","138.89","0.21%"
"2020- 10- 12","138.91","138.83","138.94","138.80","0.06%"
"2020- 10- 09","138.83","138.80","138.98","138.67","-0.06%"
"2020- 10- 08","138.92","138.70","138.94","138.70","0.14%"
"2020- 10- 07","138.72","139.12","139.14","138.64","-0.24%"
"2020- 10- 06","139.05","138.77","139.19","138.72","0.09%"
"2020- 10- 05","138.92","139.38","139.45","138.75","-0.37%"
"2020- 10- 02","139.44","139.52","139.78","139.36","-0.08%"
"2020- 10- 01","139.55","139.47","139.64","139.20","0.01%"
"2020- 09- 30","139.53","139.73","139.80","139.34","-0.18%"
"2020- 09- 29","139.78","139.70","139.81","139.62","0.11%"
"2020- 09- 28","139.62","139.64","139.69","139.52","-0.01%"
"2020- 09- 25","139.64","139.55","139.72","139.47","0.04%"
"2020- 09- 24","139.58","139.52","139.61","139.47","0.06%"
"2020- 09- 23","139.50","139.55","139.67","139.39","-0.09%"
"2020- 09- 22","139.62","139.58","139.62","139.48","-0.11%"
"2020- 09- 21","139.77","139.61","139.88","139.61","0.11%"
"2020- 09- 18","139.61","139.70","139.70","139.56","-0.02%"
"2020- 09- 17","139.64","139.56","139.91","139.56","0.00%"
"2020- 09- 16","139.64","139.73","139.95","139.55","-0.02%"
"2020- 09- 15","139.67","139.73","139.73","139.62","-0.04%"
"2020- 09- 14","139.73","139.77","139.84","139.67","-0.03%"
"2020- 09- 11","139.77","139.61","139.77","139.53","0.13%"
"2020- 09- 10","139.59","139.47","139.62","139.34","0.09%"
"2020- 09- 09","139.47","139.69","139.72","139.42","-0.06%"
"2020- 09- 08","139.56","139.28","139.64","139.25","0.34%"
"2020- 09- 07","139.09","139.10","139.20","139.02","-0.01%"
"2020- 09- 06","139.10","139.06","139.13","139.06","-0.07%"
"2020- 09- 04","139.20","139.84","139.86","139.19","-0.51%"
"2020- 09- 03","139.92","139.72","140.02","139.58","0.16%"
"2020- 09- 02","139.70","139.59","139.77","139.45","0.09%"
"2020- 09- 01","139.58","139.34","139.59","139.20","0.12%"
"2020- 08- 31","139.41","139.30","139.45","139.09","0.11%"
"2020- 08- 28","139.25","138.91","139.36","138.72","0.20%"
"2020- 08- 27","138.97","139.33","139.62","138.89","-0.24%"
"2020- 08- 26","139.31","139.27","139.34","139.02","0.00%"
"2020- 08- 25","139.31","139.47","139.48","139.02","-0.15%"
"2020- 08- 24","139.52","139.61","139.72","139.44","-0.03%"
"2020- 08- 21","139.56","139.50","139.73","139.42","0.00%"
"2020- 08- 20","139.56","139.31","139.66","139.31","0.13%"
"2020- 08- 19","139.38","139.42","139.56","139.27","-0.01%"
"2020- 08- 18","139.39","139.30","139.50","139.25","0.04%"
"2020- 08- 17","139.33","139.16","139.47","139.11","0.15%"
"2020- 08- 14","139.12","138.91","139.22","138.91","0.11%"
"2020- 08- 13","138.97","139.12","139.44","138.89","-0.16%"
"2020- 08- 12","139.19","139.36","139.50","139.00","-0.04%"
"2020- 08- 11","139.25","139.88","139.94","139.22","-0.45%"
"2020- 08- 10","139.88","139.94","140.14","139.83","-0.05%"
"2020- 08- 07","139.95","140.14","140.28","139.91","-0.15%"
"2020- 08- 06","140.16","140.03","140.41","140.00","0.06%"
"2020- 08- 05","140.08","140.39","140.41","140.00","-0.18%"
"2020- 08- 04","140.33","140.03","140.41","139.94","0.28%"
"2020- 08- 03","139.94","140.16","140.17","139.88","-0.10%"
"2020- 07- 31","140.08","139.97","140.19","139.88","0.04%"
"2020- 07- 30","140.02","139.78","140.06","139.75","0.19%"
"2020- 07- 29","139.75","139.70","139.88","139.58","0.04%"
"2020- 07- 28","139.70","139.42","139.73","139.25","0.16%"
"2020- 07- 27","139.47","139.56","139.75","139.41","-0.08%"
"2020- 07- 24","139.58","139.62","139.78","139.53","-0.03%"
"2020- 07- 23","139.62","139.53","139.70","139.52","0.04%"
"2020- 07- 22","139.56","139.55","139.67","139.48","0.03%"
"2020- 07- 21","139.52","139.47","139.59","139.33","0.09%"
"2020- 07- 20","139.39","139.36","139.56","139.33","0.02%"
"2020- 07- 17","139.36","139.44","139.56","139.31","-0.09%"
"2020- 07- 16","139.48","139.31","139.56","139.27","0.10%"
"2020- 07- 15","139.34","139.20","139.44","139.11","-0.06%"
"2020- 07- 14","139.42","139.34","139.52","139.23","0.14%"
"2020- 07- 13","139.22","139.16","139.38","139.02","0.00%"
"2020- 07- 10","139.22","139.38","139.70","139.11","-0.20%"
"2020- 07- 09","139.50","139.08","139.53","139.06","0.22%"
"2020- 07- 08","139.19","139.25","139.28","139.02","-0.01%"
"2020- 07- 07","139.20","139.02","139.33","138.94","0.16%"
"2020- 07- 06","138.98","139.17","139.17","138.77","-0.14%"
"2020- 07- 03","139.18","139.16","139.23","139.12","0.06%"
"2020- 07- 02","139.09","138.97","139.19","138.73","0.10%"
"2020- 07- 01","138.95","139.16","139.17","138.80","-0.16%"
"2020- 06- 30","139.17","139.38","139.44","139.09","-0.11%"
"2020- 06- 29","139.33","139.23","139.42","139.08","0.08%"
"2020- 06- 26","139.22","138.84","139.27","138.83","0.22%"
"2020- 06- 25","138.91","138.88","139.06","138.80","0.02%"
"2020- 06- 24","138.88","138.67","138.91","138.53","0.09%"
"2020- 06- 23","138.75","138.64","138.91","138.52","0.04%"
"2020- 06- 22","138.70","138.92","138.95","138.64","-0.33%"
"2020- 06- 19","139.16","139.14","139.14","138.80","-0.03%"
"2020- 06- 18","139.20","139.05","139.20","139.02","0.17%"
"2020- 06- 17","138.97","138.80","138.98","138.80","0.12%"
"2020- 06- 16","138.80","138.81","138.98","138.64","-0.22%"
"2020- 06- 15","139.11","139.22","139.47","138.94","0.00%"
"2020- 06- 12","139.11","139.27","139.28","139.08","-0.22%"
"2020- 06- 11","139.42","139.09","139.42","139.03","0.39%"
"2020- 06- 10","138.88","138.16","138.98","138.16","0.52%"
"2020- 06- 09","138.16","137.91","138.31","137.88","0.31%"
"2020- 06- 08","137.73","137.48","137.89","137.42","0.13%"
"2020- 06- 05","137.55","138.17","138.36","137.12","-0.47%"
"2020- 06- 04","138.20","138.67","138.73","138.09","-0.26%"
"2020- 06- 03","138.56","139.17","139.20","138.47","-0.45%"
"2020- 06- 02","139.19","139.33","139.42","139.12","-0.10%"
"2020- 06- 01","139.33","139.45","139.53","139.11","-0.04%"
"2020- 05- 29","139.38","139.06","139.41","139.05","0.31%"
"2020- 05- 28","138.95","139.06","139.22","138.89","-0.12%"
"2020- 05- 27","139.12","138.98","139.31","138.69","0.12%"
"2020- 05- 26","138.95","139.19","139.25","138.80","-0.18%"
"2020- 05- 25","139.20","139.15","139.24","139.12","0.05%"
"2020- 05- 24","139.13","139.17","139.21","139.12","-0.02%"
"2020- 05- 22","139.16","139.06","139.42","139.05","0.07%"
"2020- 05- 21","139.06","139.02","139.22","138.98","-0.01%"
"2020- 05- 20","139.08","139.05","139.16","138.78","0.16%"
"2020- 05- 19","138.86","138.67","139.05","138.58","0.19%"
"2020- 05- 18","138.59","139.36","139.39","138.56","-0.53%"
"2020- 05- 15","139.33","139.38","139.66","139.25","-0.06%"
"2020- 05- 14","139.42","139.20","139.52","139.16","0.14%"
"2020- 05- 13","139.22","139.08","139.31","139.03","0.19%"
"2020- 05- 12","138.95","138.72","139.09","138.58","0.24%"
"2020- 05- 11","138.62","138.94","139.06","138.61","-0.24%"
"2020- 05- 08","138.95","139.19","139.50","138.88","-0.25%"
"2020- 05- 07","139.30","138.62","139.34","138.50","0.54%"
"2020- 05- 06","138.55","138.80","138.81","138.27","-0.22%"
"2020- 05- 05","138.86","138.92","138.98","138.62","-0.08%"
"2020- 05- 04","138.97","139.11","139.23","138.80","0.06%"
"2020- 05- 01","138.88","138.97","139.27","138.84","-0.13%"
"2020- 04- 30","139.06","138.94","139.36","138.80","0.06%"
"2020- 04- 29","138.97","139.00","139.28","138.83","-0.04%"
"2020- 04- 28","139.02","138.62","139.11","138.53","0.26%"
"2020- 04- 27","138.66","139.00","139.05","138.58","-0.32%"
"2020- 04- 24","139.11","139.09","139.23","138.89","0.06%"
"2020- 04- 23","139.02","139.03","139.17","138.86","-0.02%"
"2020- 04- 22","139.05","139.42","139.53","138.83","-0.24%"
"2020- 04- 21","139.39","139.22","139.69","139.08","0.20%"
"2020- 04- 20","139.11","139.02","139.23","138.92","0.16%"
"2020- 04- 17","138.89","138.84","139.44","138.53","-0.24%"
"2020- 04- 16","139.23","139.17","139.41","138.95","0.05%"
"2020- 04- 15","139.16","138.22","139.28","138.19","0.68%"
"2020- 04- 14","138.22","137.97","138.39","137.84","0.10%"
"2020- 04- 13","138.08","138.08","138.34","137.89","-0.07%"
"2020- 04- 10","138.17","138.17","138.17","138.17","-0.06%"
"2020- 04- 09","138.25","137.77","138.39","137.66","0.30%"
"2020- 04- 08","137.84","138.06","138.30","137.70","-0.05%"
"2020- 04- 07","137.91","138.44","138.47","137.50","-0.36%"
"2020- 04- 06","138.41","138.98","139.03","138.33","-0.52%"
"2020- 04- 03","139.14","139.02","139.34","138.89","0.18%"
"2020- 04- 02","138.89","139.30","139.45","138.78","-0.06%"
"2020- 04- 01","138.98","138.80","139.42","138.78","0.21%"
"2020- 03- 31","138.69","138.47","139.05","138.34","-0.10%"
"2020- 03- 30","138.83","138.92","139.39","138.38","0.41%"
"2020- 03- 27","138.27","137.39","138.75","137.34","0.39%"
"2020- 03- 26","137.73","137.25","138.02","137.22","0.28%"
"2020- 03- 25","137.34","137.23","137.69","137.03","-0.08%"
"2020- 03- 24","137.45","138.09","138.31","136.92","-0.54%"
"2020- 03- 23","138.20","137.56","138.56","137.20","1.25%"
"2020- 03- 20","136.50","136.34","136.45","136.00","0.88%"
"2020- 03- 19","135.31","135.14","136.00","134.56","0.69%"
"2020- 03- 18","134.38","135.88","136.00","134.48","-1.23%"
"2020- 03- 17","136.06","140.00","140.00","135.66","-1.45%"
"2020- 03- 16","138.06","136.66","138.38","136.66","1.66%"
"2020- 03- 13","135.80","136.12","137.12","135.78","-0.80%"
"2020- 03- 12","136.89","138.47","138.89","136.73","-0.18%"
"2020- 03- 11","137.14","137.62","138.38","136.64","-0.30%"
"2020- 03- 10","137.55","137.78","138.75","137.00","-1.26%"
"2020- 03- 09","139.30","138.55","140.70","138.50","0.91%"
"2020- 03- 06","138.05","136.80","138.48","136.70","0.94%"
"2020- 03- 05","136.77","135.75","136.94","135.67","0.38%"
"2020- 03- 04","136.25","136.14","136.64","135.67","0.18%"
"2020- 03- 03","136.00","134.55","136.95","134.48","0.54%"
"2020- 03- 02","135.27","135.03","135.84","134.58","0.32%"
"2020- 02- 28","134.84","133.70","134.98","133.55","1.05%"
"2020- 02- 27","133.44","133.09","133.97","133.02","0.08%"
"2020- 02- 26","133.33","132.91","133.41","132.70","0.16%"
"2020- 02- 25","133.12","132.73","133.33","132.34","0.35%"
"2020- 02- 24","132.66","132.20","132.89","132.09","0.61%"
"2020- 02- 21","131.86","131.50","132.14","131.44","0.32%"
"2020- 02- 20","131.44","131.09","131.59","130.94","0.27%"
"2020- 02- 19","131.08","131.17","131.25","130.94","-0.09%"
"2020- 02- 18","131.20","130.94","131.39","130.83","0.11%"
"2020- 02- 17","131.05","130.91","131.10","130.84","0.11%"
"2020- 02- 16","130.91","130.93","130.95","130.85","-0.05%"
"2020- 02- 14","130.98","130.73","131.12","130.73","0.16%"
"2020- 02- 13","130.77","130.66","131.17","130.64","0.06%"
"2020- 02- 12","130.69","130.89","130.94","130.61","-0.24%"
"2020- 02- 11","131.00","131.12","131.19","130.88","-0.27%"
"2020- 02- 10","131.36","131.09","131.39","130.89","0.21%"
"2020- 02- 07","131.08","130.55","131.14","130.52","0.40%"
"2020- 02- 06","130.56","130.55","130.66","130.22","0.01%"
"2020- 02- 05","130.55","130.92","131.14","130.36","-0.26%"
"2020- 02- 04","130.89","131.55","131.64","130.75","-0.52%"
"2020- 02- 03","131.58","131.86","131.91","131.12","-0.06%"
"2020- 01- 31","131.66","131.02","131.83","130.94","0.27%"
"2020- 01- 30","131.31","131.06","131.53","131.00","0.22%"
"2020- 01- 29","131.02","130.52","131.16","130.42","0.31%"
"2020- 01- 28","130.61","130.81","131.19","130.45","-0.21%"
"2020- 01- 27","130.89","130.58","130.97","130.53","0.47%"
"2020- 01- 24","130.28","129.81","130.38","129.59","0.39%"
"2020- 01- 23","129.78","129.55","130.03","129.55","0.18%"
"2020- 01- 22","129.55","129.53","129.62","129.38","-0.02%"
"2020- 01- 21","129.58","129.12","129.61","129.11","0.33%"
"2020- 01- 20","129.16","129.15","129.18","129.10","0.01%"
"2020- 01- 19","129.15","129.14","129.16","129.12","0.08%"
"2020- 01- 17","129.05","129.11","129.22","128.91","-0.09%"
"2020- 01- 16","129.16","129.36","129.44","129.08","-0.14%"
"2020- 01- 15","129.34","129.17","129.44","129.12","0.15%"
"2020- 01- 14","129.14","128.92","129.23","128.78","0.17%"
"2020- 01- 13","128.92","129.11","129.11","128.81","-0.12%"
"2020- 01- 10","129.08","128.86","129.17","128.77","0.15%"
"2020- 01- 09","128.89","128.77","128.94","128.55","0.09%"
"2020- 01- 08","128.77","129.25","130.19","128.73","-0.30%"
"2020- 01- 07","129.16","129.23","129.39","129.14","-0.07%"
"2020- 01- 06","129.25","129.50","129.66","129.16","-0.11%"
"2020- 01- 03","129.39","128.66","129.44","128.62","0.60%"
"2020- 01- 02","128.62","128.30","128.92","128.16","0.26%"
"2020- 01- 01","128.29","128.27","128.34","128.24","-0.10%"