"날짜","종가","시가","고가","저가","거래량","변동 %"
"2023- 05- 03","28,647.0","28,679.0","28,777.0","28,383.0","1.32K","-0.11%"
"2023- 05- 02","28,679.0","28,106.0","28,888.0","27,919.0","1.24K","2.04%"
"2023- 05- 01","28,106.0","29,255.0","29,347.0","27,700.0","1.80K","-3.93%"
"2023- 04- 30","29,255.0","29,253.0","29,962.0","29,113.0","1.37K","0.01%"
"2023- 04- 29","29,253.0","29,338.0","29,454.0","29,085.0","0.35K","-0.29%"
"2023- 04- 28","29,338.0","29,479.0","29,589.0","28,911.0","1.40K","-0.48%"
"2023- 04- 27","29,479.0","28,433.0","29,885.0","28,395.0","1.89K","3.68%"
"2023- 04- 26","28,433.0","28,324.0","30,028.0","27,263.0","3.46K","0.38%"
"2023- 04- 25","28,324.0","27,522.0","28,389.0","27,224.0","0.98K","2.91%"
"2023- 04- 24","27,522.0","27,613.0","28,000.0","26,998.0","1.38K","-0.33%"
"2023- 04- 23","27,613.0","27,826.0","27,827.0","27,364.0","0.69K","-0.77%"
"2023- 04- 22","27,826.0","27,287.0","27,884.0","27,163.0","0.71K","1.98%"
"2023- 04- 21","27,287.0","28,248.0","28,378.0","27,191.0","1.37K","-3.40%"
"2023- 04- 20","28,248.0","28,826.0","29,098.0","28,035.0","1.55K","-2.01%"
"2023- 04- 19","28,826.0","30,392.0","30,412.0","28,645.0","3.76K","-5.15%"
"2023- 04- 18","30,392.0","29,434.0","30,471.0","29,169.0","1.93K","3.25%"
"2023- 04- 17","29,434.0","30,285.0","30,289.0","29,277.0","2.04K","-2.81%"
"2023- 04- 16","30,285.0","30,280.0","30,559.0","30,123.0","1.84K","0.02%"
"2023- 04- 15","30,280.0","30,462.0","30,575.0","30,195.0","0.80K","-0.60%"
"2023- 04- 14","30,462.0","30,389.0","30,968.0","30,001.0","2.59K","0.24%"
"2023- 04- 13","30,389.0","29,876.0","30,563.0","29,867.0","1.43K","1.72%"
"2023- 04- 12","29,876.0","30,190.0","30,450.0","29,683.0","1.69K","-1.04%"
"2023- 04- 11","30,190.0","29,614.0","30,484.0","29,579.0","2.75K","1.95%"
"2023- 04- 10","29,614.0","28,320.0","29,724.0","28,159.0","2.24K","4.57%"
"2023- 04- 09","28,320.0","27,901.0","28,510.0","27,780.0","0.68K","1.50%"
"2023- 04- 08","27,901.0","27,889.0","28,135.0","27,839.0","0.40K","0.04%"
"2023- 04- 07","27,889.0","28,018.0","28,082.0","27,755.0","0.33K","-0.46%"
"2023- 04- 06","28,018.0","28,153.0","28,163.0","27,728.0","0.88K","-0.48%"
"2023- 04- 05","28,153.0","28,153.0","28,750.0","27,837.0","1.52K","0.00%"
"2023- 04- 04","28,153.0","27,790.0","28,445.0","27,671.0","1.08K","1.31%"
"2023- 04- 03","27,790.0","28,173.0","28,482.0","27,231.0","2.64K","-1.36%"
"2023- 04- 02","28,173.0","28,443.0","28,515.0","27,867.0","1.00K","-0.95%"
"2023- 04- 01","28,443.0","28,460.0","28,809.0","28,210.0","0.86K","-0.06%"
"2023- 03- 31","28,460.0","28,017.0","28,651.0","27,556.0","1.32K","1.58%"
"2023- 03- 30","28,017.0","28,344.0","29,170.0","27,692.0","2.68K","-1.15%"
"2023- 03- 29","28,344.0","27,265.0","28,645.0","27,253.0","2.12K","3.96%"
"2023- 03- 28","27,265.0","27,129.0","27,512.0","26,637.0","1.44K","0.50%"
"2023- 03- 27","27,129.0","27,986.0","28,027.0","26,542.0","1.94K","-3.06%"
"2023- 03- 26","27,986.0","27,482.0","28,171.0","27,438.0","1.17K","1.83%"
"2023- 03- 25","27,482.0","27,458.0","27,779.0","27,173.0","0.86K","0.09%"
"2023- 03- 24","27,458.0","28,304.0","28,372.0","27,017.0","1.92K","-2.99%"
"2023- 03- 23","28,304.0","27,263.0","28,741.0","27,121.0","3.12K","3.82%"
"2023- 03- 22","27,263.0","28,112.0","28,813.0","26,620.0","3.93K","-3.02%"
"2023- 03- 21","28,112.0","27,712.0","28,435.0","27,313.0","1.66K","1.44%"
"2023- 03- 20","27,712.0","27,936.0","28,438.0","27,130.0","2.70K","-0.80%"
"2023- 03- 19","27,936.0","26,913.0","28,329.0","26,838.0","4.34K","3.80%"
"2023- 03- 18","26,913.0","27,350.0","27,605.0","26,595.0","3.08K","-1.60%"
"2023- 03- 17","27,350.0","25,057.0","27,562.0","24,954.0","9.82K","9.15%"
"2023- 03- 16","25,057.0","24,321.0","25,213.0","24,202.0","2.42K","3.03%"
"2023- 03- 15","24,321.0","24,744.0","25,245.0","23,939.0","2.63K","-1.71%"
"2023- 03- 14","24,744.0","24,187.0","26,434.0","24,073.0","9.61K","2.30%"
"2023- 03- 13","24,187.0","22,079.0","24,560.0","21,891.0","7.01K","9.55%"
"2023- 03- 12","22,079.0","20,538.0","22,132.0","20,363.0","5.61K","7.50%"
"2023- 03- 11","20,538.0","20,201.0","20,783.0","19,874.0","6.80K","1.67%"
"2023- 03- 10","20,201.0","20,378.0","20,381.0","19,592.0","4.64K","-0.87%"
"2023- 03- 09","20,378.0","21,712.0","21,835.0","20,096.0","3.79K","-6.14%"
"2023- 03- 08","21,712.0","22,209.0","22,286.0","21,622.0","1.75K","-2.24%"
"2023- 03- 07","22,209.0","22,404.0","22,552.0","21,967.0","1.84K","-0.87%"
"2023- 03- 06","22,404.0","22,431.0","22,586.0","22,315.0","0.89K","-0.12%"
"2023- 03- 05","22,431.0","22,346.0","22,650.0","22,225.0","0.43K","0.38%"
"2023- 03- 04","22,346.0","22,363.0","22,405.0","22,176.0","0.41K","-0.08%"
"2023- 03- 03","22,363.0","23,472.0","23,482.0","22,003.0","2.99K","-4.72%"
"2023- 03- 02","23,472.0","23,646.0","23,792.0","23,208.0","0.70K","-0.74%"
"2023- 03- 01","23,646.0","23,134.0","23,979.0","23,037.0","1.37K","2.21%"
"2023- 02- 28","23,134.0","23,504.0","23,609.0","23,067.0","1.44K","-1.57%"
"2023- 02- 27","23,504.0","23,560.0","23,891.0","23,167.0","1.84K","-0.24%"
"2023- 02- 26","23,560.0","23,177.0","23,669.0","23,083.0","0.77K","1.65%"
"2023- 02- 25","23,177.0","23,201.0","23,222.0","22,810.0","1.12K","-0.10%"
"2023- 02- 24","23,201.0","23,947.0","24,150.0","22,911.0","3.45K","-3.12%"
"2023- 02- 23","23,947.0","24,186.0","24,598.0","23,625.0","2.24K","-0.99%"
"2023- 02- 22","24,186.0","24,460.0","24,485.0","23,586.0","3.34K","-1.12%"
"2023- 02- 21","24,460.0","24,831.0","25,162.0","24,177.0","3.55K","-1.49%"
"2023- 02- 20","24,831.0","24,294.0","25,114.0","23,867.0","2.02K","2.21%"
"2023- 02- 19","24,294.0","24,633.0","25,200.0","24,246.0","2.72K","-1.38%"
"2023- 02- 18","24,633.0","24,579.0","24,853.0","24,450.0","0.63K","0.22%"
"2023- 02- 17","24,579.0","23,535.0","25,018.0","23,362.0","4.17K","4.44%"
"2023- 02- 16","23,535.0","24,318.0","25,232.0","23,527.0","4.64K","-3.22%"
"2023- 02- 15","24,318.0","22,198.0","24,350.0","22,082.0","2.37K","9.55%"
"2023- 02- 14","22,198.0","21,773.0","22,311.0","21,578.0","1.44K","1.95%"
"2023- 02- 13","21,773.0","21,796.0","21,902.0","21,404.0","3.08K","-0.11%"
"2023- 02- 12","21,796.0","21,866.0","22,095.0","21,667.0","1.26K","-0.32%"
"2023- 02- 11","21,866.0","21,643.0","21,903.0","21,614.0","0.36K","1.03%"
"2023- 02- 10","21,643.0","21,800.0","21,937.0","21,500.0","1.47K","-0.72%"
"2023- 02- 09","21,800.0","22,959.0","23,002.0","21,710.0","3.31K","-5.05%"
"2023- 02- 08","22,959.0","23,251.0","23,430.0","22,691.0","1.35K","-1.26%"
"2023- 02- 07","23,251.0","22,755.0","23,350.0","22,744.0","1.20K","2.18%"
"2023- 02- 06","22,755.0","22,936.0","23,145.0","22,639.0","1.08K","-0.79%"
"2023- 02- 05","22,936.0","23,315.0","23,419.0","22,799.0","1.44K","-1.63%"
"2023- 02- 04","23,315.0","23,433.0","23,580.0","23,253.0","0.58K","-0.50%"
"2023- 02- 03","23,433.0","23,485.0","23,700.0","23,230.0","1.92K","-0.22%"
"2023- 02- 02","23,485.0","23,723.0","24,239.0","23,395.0","2.83K","-1.00%"
"2023- 02- 01","23,723.0","23,135.0","23,802.0","22,800.0","2.13K","2.54%"
"2023- 01- 31","23,135.0","22,837.0","23,286.0","22,730.0","1.99K","1.30%"
"2023- 01- 30","22,837.0","23,746.0","23,784.0","22,516.0","2.95K","-3.83%"
"2023- 01- 29","23,746.0","23,029.0","23,962.0","23,000.0","4.24K","3.11%"
"2023- 01- 28","23,029.0","23,067.0","23,181.0","22,885.0","1.41K","-0.16%"
"2023- 01- 27","23,067.0","23,004.0","23,475.0","22,539.0","2.25K","0.27%"
"2023- 01- 26","23,004.0","23,045.0","23,273.0","22,859.0","1.40K","-0.18%"
"2023- 01- 25","23,045.0","22,627.0","23,812.0","22,334.0","3.74K","1.85%"
"2023- 01- 24","22,627.0","22,910.0","23,154.0","22,479.0","1.88K","-1.24%"
"2023- 01- 23","22,910.0","22,713.0","23,169.0","22,520.0","1.86K","0.87%"
"2023- 01- 22","22,713.0","22,766.0","23,071.0","22,321.0","1.52K","-0.23%"
"2023- 01- 21","22,766.0","22,672.0","23,312.0","22,443.0","3.60K","0.41%"
"2023- 01- 20","22,672.0","21,080.0","22,742.0","20,879.0","2.88K","7.55%"
"2023- 01- 19","21,080.0","20,678.0","21,181.0","20,670.0","0.90K","1.94%"
"2023- 01- 18","20,678.0","21,136.0","21,632.0","20,435.0","3.19K","-2.17%"
"2023- 01- 17","21,136.0","21,196.0","21,518.0","20,905.0","2.06K","-0.28%"
"2023- 01- 16","21,196.0","20,882.0","21,433.0","20,651.0","3.25K","1.50%"
"2023- 01- 15","20,882.0","20,963.0","21,048.0","20,583.0","1.54K","-0.39%"
"2023- 01- 14","20,963.0","19,933.0","21,300.0","19,897.0","6.06K","5.17%"
"2023- 01- 13","19,933.0","18,857.0","19,989.0","18,725.0","3.03K","5.71%"
"2023- 01- 12","18,857.0","17,946.0","19,070.0","17,920.0","5.32K","5.08%"
"2023- 01- 11","17,946.0","17,445.0","17,998.0","17,319.0","2.23K","2.87%"
"2023- 01- 10","17,445.0","17,188.0","17,503.0","17,155.0","0.81K","1.50%"
"2023- 01- 09","17,188.0","17,139.0","17,399.0","17,123.0","1.58K","0.29%"
"2023- 01- 08","17,139.0","16,958.0","17,174.0","16,930.0","0.81K","1.07%"
"2023- 01- 07","16,958.0","16,967.0","16,990.0","16,925.0","0.28K","-0.05%"
"2023- 01- 06","16,967.0","16,842.0","17,045.0","16,705.0","1.82K","0.74%"
"2023- 01- 05","16,842.0","16,868.0","16,888.0","16,778.0","0.57K","-0.15%"
"2023- 01- 04","16,868.0","16,689.0","16,998.0","16,671.0","1.12K","1.07%"
"2023- 01- 03","16,689.0","16,690.0","16,807.0","16,625.0","1.58K","-0.01%"
"2023- 01- 02","16,690.0","16,643.0","16,802.0","16,584.0","0.60K","0.28%"
"2023- 01- 01","16,643.0","16,564.0","16,644.0","16,517.0","0.24K","0.48%"
"2022- 12- 31","16,564.0","16,618.0","16,660.0","16,515.0","0.60K","-0.32%"
"2022- 12- 30","16,618.0","16,658.0","16,659.0","16,380.0","1.30K","-0.24%"
"2022- 12- 29","16,658.0","16,558.0","16,675.0","16,505.0","0.42K","0.60%"
"2022- 12- 28","16,558.0","16,719.0","16,796.0","16,490.0","1.59K","-0.96%"
"2022- 12- 27","16,719.0","16,946.0","16,987.0","16,631.0","0.94K","-1.34%"
"2022- 12- 26","16,946.0","16,847.0","16,958.0","16,814.0","0.32K","0.59%"
"2022- 12- 25","16,847.0","16,864.0","16,874.0","16,760.0","0.38K","-0.10%"
"2022- 12- 24","16,864.0","16,802.0","16,880.0","16,802.0","0.40K","0.37%"
"2022- 12- 23","16,802.0","16,838.0","16,942.0","16,788.0","0.53K","-0.21%"
"2022- 12- 22","16,838.0","16,845.0","16,873.0","16,588.0","0.77K","-0.04%"
"2022- 12- 21","16,845.0","16,925.0","16,934.0","16,755.0","0.79K","-0.47%"
"2022- 12- 20","16,925.0","16,448.0","17,057.0","16,413.0","1.46K","2.90%"
"2022- 12- 19","16,448.0","16,757.0","16,825.0","16,320.0","2.04K","-1.84%"
"2022- 12- 18","16,757.0","16,793.0","16,851.0","16,680.0","0.61K","-0.21%"
"2022- 12- 17","16,793.0","16,642.0","16,811.0","16,609.0","1.23K","0.91%"
"2022- 12- 16","16,642.0","17,372.0","17,543.0","16,554.0","3.01K","-4.20%"
"2022- 12- 15","17,372.0","17,810.0","17,867.0","17,311.0","1.92K","-2.46%"
"2022- 12- 14","17,810.0","17,785.0","18,373.0","17,688.0","3.08K","0.14%"
"2022- 12- 13","17,785.0","17,228.0","17,981.0","17,107.0","5.96K","3.23%"
"2022- 12- 12","17,228.0","17,109.0","17,258.0","16,899.0","2.47K","0.70%"
"2022- 12- 11","17,109.0","17,132.0","17,294.0","17,095.0","2.07K","-0.13%"
"2022- 12- 10","17,132.0","17,135.0","17,232.0","17,109.0","0.37K","-0.02%"
"2022- 12- 09","17,135.0","17,246.0","17,326.0","17,090.0","1.42K","-0.64%"
"2022- 12- 08","17,246.0","16,844.0","17,321.0","16,759.0","1.76K","2.39%"
"2022- 12- 07","16,844.0","17,096.0","17,137.0","16,720.0","1.07K","-1.47%"
"2022- 12- 06","17,096.0","16,974.0","17,109.0","16,917.0","0.77K","0.72%"
"2022- 12- 05","16,974.0","17,128.0","17,420.0","16,886.0","1.46K","-0.90%"
"2022- 12- 04","17,128.0","16,890.0","17,199.0","16,886.0","1.41K","1.41%"
"2022- 12- 03","16,890.0","17,091.0","17,135.0","16,870.0","0.69K","-1.18%"
"2022- 12- 02","17,091.0","16,980.0","17,100.0","16,808.0","1.53K","0.65%"
"2022- 12- 01","16,980.0","17,182.0","17,270.0","16,872.0","1.56K","-1.18%"
"2022- 11- 30","17,182.0","16,452.0","17,238.0","16,446.0","2.73K","4.44%"
"2022- 11- 29","16,452.0","16,215.0","16,537.0","16,102.0","1.63K","1.46%"
"2022- 11- 28","16,215.0","16,432.0","16,487.0","16,014.0","1.74K","-1.32%"
"2022- 11- 27","16,432.0","16,459.0","16,600.0","16,422.0","0.49K","-0.16%"
"2022- 11- 26","16,459.0","16,519.0","16,697.0","16,390.0","0.78K","-0.36%"
"2022- 11- 25","16,519.0","16,606.0","16,617.0","16,354.0","1.16K","-0.52%"
"2022- 11- 24","16,606.0","16,619.0","16,792.0","16,468.0","1.21K","-0.08%"
"2022- 11- 23","16,619.0","16,215.0","16,676.0","16,168.0","2.90K","2.49%"
"2022- 11- 22","16,215.0","15,766.0","16,279.0","15,616.0","3.20K","2.85%"
"2022- 11- 21","15,766.0","16,281.0","16,281.0","15,501.0","4.31K","-3.16%"
"2022- 11- 20","16,281.0","16,695.0","16,742.0","16,185.0","1.18K","-2.48%"
"2022- 11- 19","16,695.0","16,645.0","16,811.0","16,600.0","0.61K","0.37%"
"2022- 11- 18","16,634.0","16,827.0","16,837.0","16,550.0","1.81K","-0.43%"
"2022- 11- 17","16,705.0","16,676.0","16,735.0","16,413.0","1.48K","1.05%"
"2022- 11- 16","16,531.0","16,886.0","17,002.0","16,384.0","4.34K","-2.10%"
"2022- 11- 15","16,886.0","16,627.0","17,124.0","16,554.0","6.53K","1.56%"
"2022- 11- 14","16,627.0","16,345.0","17,188.0","15,829.0","6.71K","1.73%"
"2022- 11- 13","16,345.0","16,812.0","16,956.0","16,257.0","2.54K","-2.78%"
"2022- 11- 12","16,812.0","17,045.0","17,105.0","16,637.0","1.25K","-1.37%"
"2022- 11- 11","17,045.0","17,579.0","17,665.0","16,403.0","8.03K","-3.04%"
"2022- 11- 10","17,579.0","15,907.0","18,155.0","15,760.0","20.73K","10.51%"
"2022- 11- 09","15,907.0","18,557.0","18,597.0","15,603.0","18.08K","-14.28%"
"2022- 11- 08","18,557.0","20,610.0","20,692.0","16,950.0","20.52K","-9.96%"
"2022- 11- 07","20,610.0","20,932.0","21,083.0","20,423.0","1.84K","-1.54%"
"2022- 11- 06","20,932.0","21,313.0","21,378.0","20,913.0","1.35K","-1.79%"
"2022- 11- 05","21,313.0","21,168.0","21,470.0","21,105.0","1.62K","0.68%"
"2022- 11- 04","21,168.0","20,223.0","21,290.0","20,206.0","3.81K","4.67%"
"2022- 11- 03","20,223.0","20,168.0","20,403.0","20,073.0","1.24K","0.27%"
"2022- 11- 02","20,168.0","20,500.0","20,816.0","20,080.0","2.58K","-1.62%"
"2022- 11- 01","20,500.0","20,509.0","20,689.0","20,357.0","1.67K","-0.04%"
"2022- 10- 31","20,509.0","20,647.0","20,843.0","20,268.0","1.71K","-0.67%"
"2022- 10- 30","20,647.0","20,833.0","20,949.0","20,535.0","1.09K","-0.89%"
"2022- 10- 29","20,833.0","20,611.0","21,074.0","20,576.0","1.83K","1.08%"
"2022- 10- 28","20,611.0","20,303.0","20,764.0","20,055.0","2.28K","1.52%"
"2022- 10- 27","20,303.0","20,788.0","20,892.0","20,226.0","2.75K","-2.33%"
"2022- 10- 26","20,788.0","20,104.0","21,011.0","20,077.0","3.90K","3.40%"
"2022- 10- 25","20,104.0","19,340.0","20,430.0","19,254.0","2.76K","3.95%"
"2022- 10- 24","19,340.0","19,585.0","19,601.0","19,175.0","1.31K","-1.25%"
"2022- 10- 23","19,585.0","19,219.0","19,707.0","19,105.0","1.52K","1.90%"
"2022- 10- 22","19,219.0","19,175.0","19,272.0","19,125.0","0.75K","0.23%"
"2022- 10- 21","19,175.0","19,057.0","19,260.0","18,680.0","1.19K","0.62%"
"2022- 10- 20","19,057.0","19,132.0","19,345.0","18,940.0","1.27K","-0.39%"
"2022- 10- 19","19,132.0","19,334.0","19,361.0","19,098.0","0.86K","-1.04%"
"2022- 10- 18","19,334.0","19,554.0","19,705.0","19,106.0","2.12K","-1.13%"
"2022- 10- 17","19,554.0","19,266.0","19,683.0","19,168.0","1.45K","1.48%"
"2022- 10- 16","19,269.0","19,072.0","19,428.0","19,068.0","0.78K","1.03%"
"2022- 10- 15","19,072.0","19,187.0","19,227.0","18,993.0","0.74K","-0.60%"
"2022- 10- 14","19,187.0","19,387.0","19,946.0","19,103.0","2.57K","-1.03%"
"2022- 10- 13","19,387.0","19,158.0","19,503.0","18,200.0","6.27K","1.20%"
"2022- 10- 12","19,158.0","19,062.0","19,232.0","19,026.0","3.49K","0.50%"
"2022- 10- 11","19,062.0","19,128.0","19,260.0","18,870.0","8.84K","-0.34%"
"2022- 10- 10","19,128.0","19,444.4","19,527.0","19,056.0","4.69K","-1.63%"
"2022- 10- 09","19,444.4","19,418.0","19,551.4","19,326.0","1.12K","0.14%"
"2022- 10- 08","19,418.0","19,533.0","19,621.4","19,275.0","1.23K","-0.59%"
"2022- 10- 07","19,533.0","19,957.0","20,053.0","19,336.0","7.68K","-2.12%"
"2022- 10- 06","19,957.0","20,156.0","20,444.0","19,866.0","6.43K","-0.99%"
"2022- 10- 05","20,156.0","20,340.0","20,363.0","19,756.8","6.99K","-0.90%"
"2022- 10- 04","20,340.0","19,638.0","20,470.0","19,510.0","8.47K","3.57%"
"2022- 10- 03","19,638.0","19,066.0","19,688.0","18,985.0","10.89K","3.00%"
"2022- 10- 02","19,066.0","19,317.0","19,396.0","18,945.0","3.16K","-1.30%"
"2022- 10- 01","19,317.0","19,430.0","19,485.0","19,172.0","0.94K","-0.58%"
"2022- 09- 30","19,430.0","19,588.0","20,171.0","19,201.0","11.70K","-0.81%"
"2022- 09- 29","19,588.0","19,419.0","19,651.3","18,863.0","8.40K","0.87%"
"2022- 09- 28","19,419.0","19,096.6","19,783.0","18,495.0","16.06K","1.69%"
"2022- 09- 27","19,096.6","19,229.5","20,373.0","18,856.0","14.96K","-0.69%"
"2022- 09- 26","19,229.5","18,817.0","19,326.0","18,699.0","43.75K","2.19%"
"2022- 09- 25","18,817.0","18,935.0","19,179.0","18,647.0","4.11K","-0.62%"
"2022- 09- 24","18,935.0","19,298.8","19,314.0","18,822.0","1.33K","-1.89%"
"2022- 09- 23","19,298.8","19,413.0","19,512.0","18,562.0","14.55K","-0.59%"
"2022- 09- 22","19,413.0","18,476.5","19,502.0","18,378.8","28.28K","5.07%"
"2022- 09- 21","18,476.5","18,886.6","19,888.0","18,214.0","17.62K","-2.17%"
"2022- 09- 20","18,886.6","19,544.5","19,634.0","18,769.0","9.67K","-3.37%"
"2022- 09- 19","19,544.5","19,424.0","19,684.0","18,318.0","11.97K","0.62%"
"2022- 09- 18","19,424.0","20,127.0","20,127.0","19,356.0","2.43K","-3.49%"
"2022- 09- 17","20,127.0","19,809.9","20,206.0","19,770.0","13.67K","1.60%"
"2022- 09- 16","19,809.9","19,717.0","19,894.0","19,350.0","6.95K","0.47%"
"2022- 09- 15","19,717.0","20,231.0","20,329.0","19,556.0","4.23K","-2.54%"
"2022- 09- 14","20,231.0","20,181.0","20,511.0","19,642.0","8.26K","0.25%"
"2022- 09- 13","20,181.0","22,395.0","22,746.0","19,950.0","16.06K","-9.89%"
"2022- 09- 12","22,395.0","21,850.0","22,473.0","21,561.0","7.84K","2.61%"
"2022- 09- 11","21,826.0","21,657.0","21,826.0","21,369.0","2.23K","0.82%"
"2022- 09- 10","21,648.0","21,375.0","21,802.0","21,143.8","5.36K","1.28%"
"2022- 09- 09","21,375.0","19,322.0","21,576.0","19,304.4","11.99K","10.63%"
"2022- 09- 08","19,322.0","19,280.0","19,447.0","19,048.0","8.22K","0.22%"
"2022- 09- 07","19,279.5","18,790.0","19,457.0","18,561.0","6.19K","2.61%"
"2022- 09- 06","18,790.0","19,789.0","20,183.0","18,691.8","12.12K","-5.04%"
"2022- 09- 05","19,788.0","20,002.0","20,045.0","19,646.0","2.25K","-1.07%"
"2022- 09- 04","20,002.0","19,835.0","20,020.0","19,590.0","2.04K","0.84%"
"2022- 09- 03","19,835.0","19,973.0","20,061.9","19,667.0","1.65K","-0.69%"
"2022- 09- 02","19,973.0","20,134.0","20,441.0","19,770.0","6.30K","-0.80%"
"2022- 09- 01","20,134.0","20,058.0","20,212.0","19,587.0","5.94K","0.38%"
"2022- 08- 31","20,058.0","19,812.0","20,483.0","19,812.0","4.64K","1.24%"
"2022- 08- 30","19,812.0","20,308.0","20,574.0","19,574.0","5.33K","-2.44%"
"2022- 08- 29","20,308.0","19,572.0","20,412.0","19,566.3","4.13K","3.84%"
"2022- 08- 28","19,557.8","20,044.0","20,163.0","19,540.0","3.23K","-2.39%"
"2022- 08- 27","20,036.0","20,257.9","20,362.0","19,852.0","2.55K","-1.10%"
"2022- 08- 26","20,257.9","21,563.1","21,866.0","20,134.0","11.23K","-6.05%"
"2022- 08- 25","21,563.1","21,365.6","21,809.0","21,320.0","3.22K","0.92%"
"2022- 08- 24","21,365.6","21,527.0","21,861.0","21,160.0","5.41K","-0.75%"
"2022- 08- 23","21,527.0","21,395.0","21,671.0","20,909.0","4.92K","0.62%"
"2022- 08- 22","21,395.0","21,511.7","21,527.0","20,910.0","3.44K","-0.53%"
"2022- 08- 21","21,510.0","21,141.0","21,772.9","21,076.6","2.31K","1.75%"
"2022- 08- 20","21,141.0","20,835.0","21,366.0","20,769.0","2.04K","1.45%"
"2022- 08- 19","20,839.0","23,196.7","23,204.0","20,793.0","9.53K","-10.16%"
"2022- 08- 18","23,196.7","23,335.0","23,599.0","23,124.0","3.02K","-0.59%"
"2022- 08- 17","23,335.0","23,856.0","24,433.0","23,180.0","6.13K","-2.18%"
"2022- 08- 16","23,856.0","24,094.0","24,234.1","23,686.0","2.77K","-0.99%"
"2022- 08- 15","24,094.0","24,300.0","25,203.0","23,776.0","8.93K","-0.85%"
"2022- 08- 14","24,300.0","24,425.0","25,003.0","24,151.0","2.74K","-0.51%"
"2022- 08- 13","24,425.0","24,395.2","24,880.0","24,307.0","4.05K","0.12%"
"2022- 08- 12","24,395.2","23,931.5","24,441.0","23,603.0","3.56K","1.94%"
"2022- 08- 11","23,931.5","23,954.2","24,877.0","23,861.0","5.88K","-0.09%"
"2022- 08- 10","23,954.2","23,142.0","24,215.0","22,665.0","8.78K","3.51%"
"2022- 08- 09","23,141.0","23,817.0","23,912.0","22,888.0","4.07K","-2.84%"
"2022- 08- 08","23,817.0","23,177.9","24,224.0","23,164.0","2.90K","2.76%"
"2022- 08- 07","23,177.9","22,924.0","23,397.0","22,837.0","2.15K","1.11%"
"2022- 08- 06","22,924.0","23,311.0","23,341.3","22,903.0","1.26K","-1.66%"
"2022- 08- 05","23,311.0","22,611.7","23,462.0","22,596.0","7.08K","3.09%"
"2022- 08- 04","22,611.7","22,813.9","23,210.1","22,390.0","4.60K","-0.89%"
"2022- 08- 03","22,813.9","22,986.0","23,626.6","22,684.0","4.75K","-0.74%"
"2022- 08- 02","22,984.0","23,259.0","23,438.9","22,676.0","4.22K","-1.18%"
"2022- 08- 01","23,259.0","23,294.0","23,499.0","22,882.0","5.57K","-0.15%"
"2022- 07- 31","23,294.0","23,639.0","24,211.0","23,233.0","3.15K","-1.46%"
"2022- 07- 30","23,639.0","23,764.0","24,641.0","23,520.0","4.30K","-0.53%"
"2022- 07- 29","23,764.0","23,851.6","24,426.0","23,456.0","5.03K","-0.37%"
"2022- 07- 28","23,851.6","22,951.0","24,172.0","22,601.0","6.63K","3.92%"
"2022- 07- 27","22,951.0","21,271.0","23,098.0","21,056.0","7.47K","7.90%"
"2022- 07- 26","21,271.0","21,302.6","21,329.0","20,738.0","4.43K","-0.15%"
"2022- 07- 25","21,302.6","22,579.2","22,663.3","21,262.0","4.42K","-5.65%"
"2022- 07- 24","22,579.2","22,446.0","23,001.0","22,262.0","2.34K","0.59%"
"2022- 07- 23","22,446.0","22,675.9","22,993.0","21,949.0","2.69K","-1.01%"
"2022- 07- 22","22,675.9","23,151.8","23,729.0","22,517.0","5.07K","-2.06%"
"2022- 07- 21","23,151.8","23,209.0","23,409.0","22,350.0","8.12K","-0.25%"
"2022- 07- 20","23,209.0","23,398.0","24,276.0","22,915.0","8.44K","-0.81%"
"2022- 07- 19","23,398.0","22,476.0","23,783.0","21,599.0","10.21K","4.10%"
"2022- 07- 18","22,476.0","20,781.0","22,749.0","20,763.0","8.52K","8.16%"
"2022- 07- 17","20,781.0","21,224.0","21,666.0","20,751.0","3.17K","-2.09%"
"2022- 07- 16","21,224.0","20,820.0","21,590.0","20,477.0","3.40K","1.96%"
"2022- 07- 15","20,816.0","20,582.0","21,190.0","20,375.7","3.59K","1.16%"
"2022- 07- 14","20,578.0","20,246.0","20,880.0","19,647.0","6.06K","1.64%"
"2022- 07- 13","20,246.0","19,310.5","20,282.7","18,926.8","12.00K","4.84%"
"2022- 07- 12","19,310.5","19,945.0","20,038.2","19,243.9","6.78K","-3.18%"
"2022- 07- 11","19,945.0","20,854.6","20,865.2","19,876.0","6.61K","-4.36%"
"2022- 07- 10","20,854.6","21,575.8","21,590.1","20,678.0","2.88K","-3.34%"
"2022- 07- 09","21,575.8","21,600.0","21,967.0","21,335.5","2.20K","-0.11%"
"2022- 07- 08","21,600.0","21,620.0","22,405.0","21,198.0","11.60K","-0.09%"
"2022- 07- 07","21,620.0","20,557.1","21,809.0","20,253.0","5.60K","5.17%"
"2022- 07- 06","20,557.1","20,169.0","20,665.6","19,765.2","4.32K","1.92%"
"2022- 07- 05","20,169.0","20,224.0","20,723.0","19,290.0","4.45K","-0.27%"
"2022- 07- 04","20,224.0","19,308.8","20,318.0","19,056.6","3.55K","4.74%"
"2022- 07- 03","19,308.8","19,230.0","19,638.0","18,774.0","2.35K","0.41%"
"2022- 07- 02","19,230.0","19,286.0","19,442.0","18,994.0","1.67K","-0.29%"
"2022- 07- 01","19,286.0","19,938.0","20,795.0","18,993.0","5.19K","-3.27%"
"2022- 06- 30","19,938.0","20,106.6","20,146.1","18,643.0","5.75K","-0.84%"
"2022- 06- 29","20,106.6","20,270.6","20,428.0","19,886.0","3.38K","-0.79%"
"2022- 06- 28","20,267.0","20,718.0","21,200.0","20,204.0","2.39K","-2.18%"
"2022- 06- 27","20,718.0","21,067.0","21,509.4","20,551.0","2.79K","-1.66%"
"2022- 06- 26","21,067.0","21,485.0","21,871.3","21,000.0","2.80K","-1.95%"
"2022- 06- 25","21,485.0","21,229.0","21,575.0","20,899.4","2.30K","1.21%"
"2022- 06- 24","21,229.0","21,071.0","21,526.0","20,704.0","5.80K","0.75%"
"2022- 06- 23","21,071.0","19,943.0","21,163.0","19,866.0","6.14K","5.66%"
"2022- 06- 22","19,943.0","20,692.9","20,848.0","19,739.0","7.26K","-3.62%"
"2022- 06- 21","20,692.9","20,549.1","21,670.0","20,341.0","8.18K","0.68%"
"2022- 06- 20","20,554.1","20,556.0","20,984.0","19,628.0","6.68K","-0.01%"
"2022- 06- 19","20,556.0","18,978.0","20,744.0","17,950.0","11.68K","8.31%"
"2022- 06- 18","18,978.0","20,411.0","20,688.0","17,611.0","17.93K","-7.02%"
"2022- 06- 17","20,411.0","20,394.0","21,347.0","20,254.0","24.02K","0.08%"
"2022- 06- 16","20,394.0","22,594.0","22,996.0","20,253.0","6.74K","-9.74%"
"2022- 06- 15","22,594.0","22,172.0","22,805.0","20,089.0","17.56K","1.90%"
"2022- 06- 14","22,172.0","22,500.0","23,326.0","20,873.0","16.45K","-1.40%"
"2022- 06- 13","22,487.0","26,670.0","26,922.3","22,017.0","42.72K","-15.68%"
"2022- 06- 12","26,670.0","28,425.0","28,558.3","26,640.0","8.91K","-6.17%"
"2022- 06- 11","28,425.0","29,103.0","29,452.0","28,138.0","3.75K","-2.33%"
"2022- 06- 10","29,103.0","30,112.2","30,367.0","28,864.1","4.85K","-3.35%"
"2022- 06- 09","30,112.2","30,226.0","30,711.8","29,957.0","2.10K","-0.39%"
"2022- 06- 08","30,230.0","31,149.0","31,331.0","29,887.0","2.65K","-2.95%"
"2022- 06- 07","31,149.0","31,371.0","31,577.0","29,231.0","6.42K","-0.71%"
"2022- 06- 06","31,371.0","29,923.4","31,764.0","29,907.0","4.78K","4.84%"
"2022- 06- 05","29,923.4","29,877.0","30,196.0","29,541.0","1.72K","0.16%"
"2022- 06- 04","29,877.0","29,730.0","29,981.0","29,506.0","1.50K","0.49%"
"2022- 06- 03","29,730.0","30,478.0","30,707.0","29,346.0","3.04K","-2.45%"
"2022- 06- 02","30,478.0","29,832.0","30,712.0","29,620.0","5.93K","2.17%"
"2022- 06- 01","29,832.0","31,792.0","31,974.0","29,354.0","4.84K","-6.17%"
"2022- 05- 31","31,792.0","31,726.3","32,390.8","31,220.0","2.92K","0.21%"
"2022- 05- 30","31,726.3","29,476.0","32,191.0","29,310.6","7.93K","7.63%"
"2022- 05- 29","29,476.0","29,037.0","29,586.0","28,851.0","2.57K","1.51%"
"2022- 05- 28","29,037.0","28,609.0","29,259.0","28,528.3","1.65K","1.50%"
"2022- 05- 27","28,609.0","29,213.0","29,377.8","28,267.1","4.37K","-2.07%"
"2022- 05- 26","29,213.0","29,524.0","29,859.2","28,005.0","5.54K","-1.05%"
"2022- 05- 25","29,524.0","29,647.0","30,218.0","29,345.0","2.15K","-0.41%"
"2022- 05- 24","29,647.0","29,091.0","29,822.0","28,690.0","2.91K","1.91%"
"2022- 05- 23","29,091.0","30,283.0","30,666.0","28,868.0","2.79K","-3.94%"
"2022- 05- 22","30,283.0","29,439.0","30,466.0","29,253.0","2.68K","2.87%"
"2022- 05- 21","29,439.0","29,202.0","29,652.0","28,963.0","1.28K","0.81%"
"2022- 05- 20","29,202.0","30,329.0","30,764.0","28,713.0","3.94K","-3.72%"
"2022- 05- 19","30,329.0","28,680.0","30,542.0","28,673.0","4.49K","5.75%"
"2022- 05- 18","28,680.0","30,442.0","30,702.0","28,634.0","3.94K","-5.79%"
"2022- 05- 17","30,442.0","29,854.0","30,766.0","29,445.9","3.07K","1.97%"
"2022- 05- 16","29,854.0","31,318.0","31,324.1","29,083.0","4.52K","-4.68%"
"2022- 05- 15","31,319.0","30,104.0","31,416.0","29,483.0","2.74K","4.04%"
"2022- 05- 14","30,104.0","29,306.0","30,346.0","28,674.0","4.13K","2.72%"
"2022- 05- 13","29,306.0","29,089.5","31,068.0","28,831.0","8.72K","0.74%"
"2022- 05- 12","29,089.5","29,095.0","30,224.0","26,600.0","34.25K","-0.02%"
"2022- 05- 11","29,095.0","31,061.0","32,181.0","27,902.0","28.73K","-6.30%"
"2022- 05- 10","31,050.0","30,158.0","32,681.0","29,845.0","14.17K","2.96%"
"2022- 05- 09","30,158.0","34,064.0","34,259.0","30,114.0","21.24K","-11.52%"
"2022- 05- 08","34,084.0","35,506.0","35,540.0","33,779.0","6.58K","-4.01%"
"2022- 05- 07","35,508.0","36,040.0","36,163.0","34,879.0","3.78K","-1.48%"
"2022- 05- 06","36,040.0","36,577.0","36,684.0","35,315.0","7.60K","-1.47%"
"2022- 05- 05","36,577.0","39,701.2","39,843.0","36,209.0","9.74K","-7.87%"
"2022- 05- 04","39,701.2","37,751.0","39,996.0","37,695.0","5.26K","5.17%"
"2022- 05- 03","37,751.0","38,520.0","38,673.5","37,555.0","3.62K","-2.00%"
"2022- 05- 02","38,520.0","38,496.1","39,184.0","38,090.7","3.59K","0.06%"
"2022- 05- 01","38,496.1","37,662.0","38,689.0","37,426.0","3.06K","2.21%"
"2022- 04- 30","37,662.0","38,600.0","38,791.6","37,633.0","2.91K","-2.43%"
"2022- 04- 29","38,600.0","39,757.8","39,927.2","38,200.7","3.19K","-2.91%"
"2022- 04- 28","39,757.8","39,263.0","40,364.0","38,922.0","4.65K","1.26%"
"2022- 04- 27","39,263.0","38,139.0","39,478.0","37,901.0","4.20K","2.95%"
"2022- 04- 26","38,139.0","40,456.0","40,800.3","37,762.0","4.73K","-5.73%"
"2022- 04- 25","40,456.0","39,486.0","40,588.0","38,200.0","6.01K","2.46%"
"2022- 04- 24","39,486.0","39,444.0","39,949.0","38,963.0","2.19K","0.10%"
"2022- 04- 23","39,446.7","39,726.0","40,008.0","39,312.0","1.92K","-0.70%"
"2022- 04- 22","39,724.0","40,502.0","40,799.0","39,195.0","4.13K","-1.92%"
"2022- 04- 21","40,502.0","41,365.0","42,977.0","39,807.0","4.56K","-2.09%"
"2022- 04- 20","41,366.4","41,516.8","42,195.4","40,905.0","3.73K","-0.36%"
"2022- 04- 19","41,516.8","40,821.0","41,743.0","40,601.0","2.40K","1.70%"
"2022- 04- 18","40,821.0","39,707.6","41,123.2","38,557.0","4.99K","2.80%"
"2022- 04- 17","39,707.6","40,408.7","40,611.0","39,567.0","1.66K","-1.74%"
"2022- 04- 16","40,408.7","40,587.0","40,717.0","40,033.1","1.49K","-0.44%"
"2022- 04- 15","40,587.0","39,948.0","40,807.0","39,792.0","2.21K","1.60%"
"2022- 04- 14","39,948.0","41,155.0","41,510.3","39,604.0","3.17K","-2.93%"
"2022- 04- 13","41,155.0","40,088.0","41,540.0","39,607.0","4.57K","2.66%"
"2022- 04- 12","40,087.0","39,565.0","40,649.0","39,300.0","4.11K","1.32%"
"2022- 04- 11","39,565.0","42,181.0","42,437.0","39,274.0","6.70K","-6.20%"
"2022- 04- 10","42,181.0","42,780.0","43,460.0","41,933.0","3.03K","-1.40%"
"2022- 04- 09","42,780.0","42,277.0","42,824.0","42,137.0","1.92K","1.19%"
"2022- 04- 08","42,277.0","43,458.0","43,984.0","42,137.3","4.35K","-2.72%"
"2022- 04- 07","43,458.0","43,195.9","43,899.0","42,804.0","2.40K","0.60%"
"2022- 04- 06","43,199.0","45,481.0","45,515.1","43,162.0","5.84K","-5.02%"
"2022- 04- 05","45,481.0","46,611.1","47,173.0","45,376.0","2.59K","-2.42%"
"2022- 04- 04","46,611.1","46,383.0","46,900.0","45,128.0","3.45K","0.49%"
"2022- 04- 03","46,383.0","45,825.0","47,414.0","45,570.0","3.01K","1.22%"
"2022- 04- 02","45,825.0","46,301.0","47,216.0","45,640.0","2.27K","-1.03%"
"2022- 04- 01","46,301.0","45,535.0","46,717.0","44,245.9","3.96K","1.68%"
"2022- 03- 31","45,535.0","47,035.0","47,665.0","45,224.4","4.66K","-3.19%"
"2022- 03- 30","47,035.0","47,424.0","47,675.0","46,602.0","4.30K","-0.82%"
"2022- 03- 29","47,424.0","47,105.0","48,099.0","46,964.0","3.38K","0.68%"
"2022- 03- 28","47,105.0","46,836.0","48,159.0","46,666.0","6.38K","0.57%"
"2022- 03- 27","46,836.0","44,536.4","46,862.0","44,440.0","5.65K","5.16%"
"2022- 03- 26","44,536.4","44,337.0","44,785.0","44,112.7","1.31K","0.45%"
"2022- 03- 25","44,337.0","44,003.0","45,082.0","43,607.0","4.36K","0.76%"
"2022- 03- 24","44,003.0","42,885.0","44,221.0","42,670.0","3.78K","2.61%"
"2022- 03- 23","42,882.0","42,370.0","42,995.0","41,772.0","2.75K","1.21%"
"2022- 03- 22","42,370.0","41,011.0","43,319.0","40,886.0","5.00K","3.26%"
"2022- 03- 21","41,031.0","41,264.0","41,535.0","40,544.0","2.62K","-0.53%"
"2022- 03- 20","41,249.0","42,213.0","42,292.0","40,933.0","1.81K","-2.29%"
"2022- 03- 19","42,214.0","41,774.0","42,373.0","41,491.0","2.14K","1.05%"
"2022- 03- 18","41,774.0","40,942.6","42,333.0","40,236.0","3.77K","2.03%"
"2022- 03- 17","40,942.6","41,148.0","41,451.0","40,553.0","2.29K","-0.50%"
"2022- 03- 16","41,148.0","39,316.6","41,728.0","38,974.0","8.54K","4.66%"
"2022- 03- 15","39,317.0","39,717.9","39,886.9","38,212.0","5.30K","-1.01%"
"2022- 03- 14","39,717.0","37,777.1","39,977.0","37,570.0","8.05K","5.14%"
"2022- 03- 13","37,777.1","38,816.3","39,314.0","37,592.0","3.42K","-2.68%"
"2022- 03- 12","38,816.3","38,737.0","39,397.0","38,679.0","1.81K","0.20%"
"2022- 03- 11","38,737.0","39,458.5","40,228.0","38,236.4","9.57K","-1.83%"
"2022- 03- 10","39,458.5","41,964.0","42,069.0","38,646.0","6.67K","-5.97%"
"2022- 03- 09","41,962.3","38,757.0","42,593.0","38,692.5","5.96K","8.27%"
"2022- 03- 08","38,757.0","38,039.0","39,385.1","37,906.0","5.51K","1.89%"
"2022- 03- 07","38,039.0","38,437.0","39,559.0","37,198.0","6.78K","-1.04%"
"2022- 03- 06","38,437.0","39,408.0","39,715.0","38,151.0","3.37K","-2.46%"
"2022- 03- 05","39,408.0","39,171.0","39,628.0","38,680.0","2.19K","0.61%"
"2022- 03- 04","39,171.0","42,489.0","42,559.0","38,621.0","6.38K","-7.81%"
"2022- 03- 03","42,490.0","43,952.0","44,103.0","41,862.0","3.89K","-3.33%"
"2022- 03- 02","43,952.0","44,442.0","45,326.0","43,386.0","5.57K","-1.10%"
"2022- 03- 01","44,442.0","43,202.0","44,939.0","42,878.0","6.34K","2.87%"
"2022- 02- 28","43,202.0","37,734.0","44,198.0","37,502.0","8.45K","14.49%"
"2022- 02- 27","37,734.0","39,137.1","39,888.0","37,067.1","5.48K","-3.56%"
"2022- 02- 26","39,125.0","39,243.0","40,274.0","38,633.0","3.59K","-0.30%"
"2022- 02- 25","39,243.0","38,380.0","39,717.0","38,071.1","6.43K","2.25%"
"2022- 02- 24","38,380.0","37,292.0","39,716.0","34,435.0","17.88K","2.92%"
"2022- 02- 23","37,292.0","38,299.0","39,270.0","37,142.0","5.81K","-2.63%"
"2022- 02- 22","38,299.0","37,060.9","38,475.0","36,404.0","6.20K","3.36%"
"2022- 02- 21","37,054.0","38,420.0","39,531.0","36,829.0","8.51K","-3.56%"
"2022- 02- 20","38,420.0","40,128.0","40,164.1","38,071.0","3.53K","-4.29%"
"2022- 02- 19","40,141.0","40,037.0","40,478.0","39,683.0","1.46K","0.26%"
"2022- 02- 18","40,037.0","40,559.0","40,983.0","39,571.0","4.68K","-1.28%"
"2022- 02- 17","40,556.0","43,885.0","44,187.6","40,126.8","6.75K","-7.59%"
"2022- 02- 16","43,885.0","44,559.9","44,584.0","43,382.0","3.27K","-1.51%"
"2022- 02- 15","44,559.9","42,559.9","44,762.0","42,467.0","4.11K","4.70%"
"2022- 02- 14","42,559.9","42,091.0","42,852.0","41,608.0","4.78K","1.11%"
"2022- 02- 13","42,091.0","42,239.1","42,760.0","41,920.0","1.95K","-0.35%"
"2022- 02- 12","42,239.1","42,418.0","43,028.0","41,810.0","2.66K","-0.42%"
"2022- 02- 11","42,418.0","43,545.0","43,965.0","42,053.0","5.61K","-2.59%"
"2022- 02- 10","43,545.0","44,432.0","45,851.0","43,255.0","7.33K","-2.00%"
"2022- 02- 09","44,432.0","44,060.5","44,839.6","43,160.0","3.71K","0.84%"
"2022- 02- 08","44,060.5","43,865.0","45,400.0","42,713.0","7.62K","0.45%"
"2022- 02- 07","43,865.0","42,416.0","44,500.0","41,715.0","5.52K","3.40%"
"2022- 02- 06","42,423.0","41,454.0","42,730.0","41,171.0","2.36K","2.34%"
"2022- 02- 05","41,454.0","41,562.7","41,928.0","40,979.8","2.60K","-0.26%"
"2022- 02- 04","41,562.7","37,331.0","41,734.0","37,070.0","8.27K","11.34%"
"2022- 02- 03","37,331.0","36,925.0","37,395.0","36,282.0","5.03K","1.10%"
"2022- 02- 02","36,925.0","38,733.0","38,877.0","36,660.0","4.19K","-4.67%"
"2022- 02- 01","38,733.0","38,495.0","39,350.0","38,039.0","4.29K","0.54%"
"2022- 01- 31","38,526.0","37,914.4","38,772.1","36,683.0","4.77K","1.55%"
"2022- 01- 30","37,939.0","38,179.9","38,349.0","37,398.0","2.05K","-0.68%"
"2022- 01- 29","38,197.0","37,759.8","38,696.0","37,347.7","3.55K","1.16%"
"2022- 01- 28","37,759.8","37,217.0","38,041.0","36,197.0","4.58K","1.46%"
"2022- 01- 27","37,217.0","36,830.8","37,248.0","35,571.0","6.94K","1.05%"
"2022- 01- 26","36,830.8","36,986.0","38,901.0","36,301.0","10.65K","-0.44%"
"2022- 01- 25","36,994.0","36,702.0","37,545.0","35,759.0","8.86K","0.80%"
"2022- 01- 24","36,702.0","36,308.0","37,460.0","32,981.0","23.10K","1.09%"
"2022- 01- 23","36,308.0","35,103.0","36,550.0","34,687.3","8.72K","3.43%"
"2022- 01- 22","35,103.0","36,467.0","36,816.0","34,079.0","17.58K","-3.83%"
"2022- 01- 21","36,501.0","40,740.0","41,132.0","35,524.0","16.22K","-10.41%"
"2022- 01- 20","40,740.0","41,676.0","43,540.6","40,572.0","5.11K","-2.25%"
"2022- 01- 19","41,676.0","42,390.0","42,581.2","41,180.0","6.45K","-1.68%"
"2022- 01- 18","42,390.0","42,223.0","42,682.0","41,304.0","4.34K","0.35%"
"2022- 01- 17","42,242.0","43,084.0","43,191.0","41,568.0","2.92K","-1.95%"
"2022- 01- 16","43,084.0","43,069.0","43,487.0","42,611.8","1.58K","0.03%"
"2022- 01- 15","43,069.0","43,091.0","43,806.0","42,600.0","3.20K","-0.05%"
"2022- 01- 14","43,091.0","42,562.0","43,463.0","41,839.0","4.31K","1.24%"
"2022- 01- 13","42,562.0","43,909.0","44,426.7","42,334.0","3.74K","-3.07%"
"2022- 01- 12","43,909.0","42,743.0","44,305.0","42,475.0","3.77K","2.73%"
"2022- 01- 11","42,743.0","41,839.0","43,113.0","41,287.0","4.79K","2.16%"
"2022- 01- 10","41,839.0","41,850.0","42,270.0","39,677.0","9.55K","-0.03%"
"2022- 01- 09","41,850.0","41,679.0","42,790.0","41,275.0","3.72K","0.41%"
"2022- 01- 08","41,679.0","41,518.0","42,319.0","40,570.0","4.15K","0.39%"
"2022- 01- 07","41,518.0","43,111.0","43,132.0","40,755.0","7.40K","-3.70%"
"2022- 01- 06","43,111.0","43,418.0","43,777.0","42,487.0","3.41K","-0.71%"
"2022- 01- 05","43,418.0","45,830.0","47,056.7","42,519.0","6.93K","-5.26%"
"2022- 01- 04","45,830.0","46,445.0","47,546.0","45,583.0","3.79K","-1.32%"
"2022- 01- 03","46,445.0","47,314.0","47,578.0","45,701.0","2.58K","-1.84%"
"2022- 01- 02","47,314.0","47,755.0","47,980.0","46,698.0","1.84K","-0.92%"
"2022- 01- 01","47,755.0","46,218.0","47,954.0","46,215.0","2.18K","3.33%"
"2021- 12- 31","46,218.0","47,156.0","48,589.0","45,697.0","4.25K","-1.99%"
"2021- 12- 30","47,156.0","46,465.0","47,911.0","45,996.0","3.20K","1.49%"
"2021- 12- 29","46,465.0","47,554.0","48,166.0","46,129.0","4.12K","-2.29%"
"2021- 12- 28","47,554.0","50,684.0","50,710.0","47,339.0","5.43K","-6.18%"
"2021- 12- 27","50,684.0","50,797.0","52,027.0","50,483.0","3.52K","-0.22%"
"2021- 12- 26","50,797.0","50,435.2","51,281.0","49,473.0","2.90K","0.71%"
"2021- 12- 25","50,437.0","50,815.0","51,169.0","50,209.0","1.99K","-0.74%"
"2021- 12- 24","50,815.0","50,833.0","51,834.0","50,439.0","2.60K","0.01%"
"2021- 12- 23","50,812.0","48,626.0","51,376.0","48,078.0","4.43K","4.50%"
"2021- 12- 22","48,626.0","48,923.0","49,575.1","48,459.8","3.14K","-0.61%"
"2021- 12- 21","48,923.0","46,898.0","49,352.0","46,683.0","4.71K","4.32%"
"2021- 12- 20","46,898.0","46,716.5","47,541.0","45,606.0","5.65K","0.39%"
"2021- 12- 19","46,716.5","46,879.0","48,283.0","46,474.9","5.24K","-0.35%"
"2021- 12- 18","46,879.0","46,193.0","47,364.0","45,543.5","3.74K","1.49%"
"2021- 12- 17","46,193.0","47,675.0","48,028.8","45,539.0","5.86K","-3.11%"
"2021- 12- 16","47,675.0","48,901.0","49,462.1","47,561.0","3.53K","-2.51%"
"2021- 12- 15","48,901.0","48,408.0","49,520.0","46,602.0","7.04K","1.02%"
"2021- 12- 14","48,408.0","46,777.0","48,656.0","46,356.2","5.48K","3.49%"
"2021- 12- 13","46,777.0","50,123.0","50,222.7","45,790.0","8.71K","-6.68%"
"2021- 12- 12","50,123.0","49,363.1","50,800.0","48,692.0","3.87K","1.54%"
"2021- 12- 11","49,363.1","47,170.0","49,510.0","46,897.0","5.29K","4.65%"
"2021- 12- 10","47,170.0","47,611.0","50,105.0","47,060.0","8.17K","-0.93%"
"2021- 12- 09","47,611.0","50,503.4","50,824.0","47,408.0","5.28K","-5.73%"
"2021- 12- 08","50,503.4","50,634.0","51,239.0","48,760.0","4.03K","-0.26%"
"2021- 12- 07","50,634.0","50,566.6","51,969.0","50,102.0","3.91K","0.13%"
"2021- 12- 06","50,566.6","49,469.0","50,974.0","47,295.0","8.05K","2.22%"
"2021- 12- 05","49,469.0","49,272.0","49,752.0","47,860.0","4.78K","0.40%"
"2021- 12- 04","49,272.0","53,709.0","53,879.0","42,101.0","22.58K","-8.26%"
"2021- 12- 03","53,709.0","56,517.0","57,599.0","52,062.0","10.73K","-4.97%"
"2021- 12- 02","56,517.0","57,250.0","57,389.0","55,842.0","4.41K","-1.28%"
"2021- 12- 01","57,250.0","56,938.0","59,055.0","56,505.0","5.18K","0.55%"
"2021- 11- 30","56,938.0","57,845.0","59,174.0","55,940.0","6.47K","-1.57%"
"2021- 11- 29","57,845.0","57,325.0","58,886.0","56,772.0","5.07K","0.91%"
"2021- 11- 28","57,325.0","54,836.0","57,469.0","53,482.0","4.94K","4.54%"
"2021- 11- 27","54,836.0","53,738.0","55,329.0","53,711.0","3.09K","2.04%"
"2021- 11- 26","53,738.0","58,995.0","59,229.0","53,565.0","12.19K","-8.91%"
"2021- 11- 25","58,995.0","57,209.0","59,423.4","57,070.0","3.98K","3.12%"
"2021- 11- 24","57,209.0","57,602.0","57,762.0","55,916.9","4.89K","-0.68%"
"2021- 11- 23","57,602.0","56,299.0","57,866.2","55,460.0","8.56K","2.31%"
"2021- 11- 22","56,299.0","58,790.0","59,407.0","55,714.0","8.83K","-4.24%"
"2021- 11- 21","58,790.0","59,739.0","60,047.0","58,624.0","2.44K","-1.59%"
"2021- 11- 20","59,739.0","58,130.0","59,886.0","57,494.4","3.13K","2.77%"
"2021- 11- 19","58,130.0","56,932.0","58,379.0","55,670.0","5.18K","1.96%"
"2021- 11- 18","57,014.0","60,386.1","60,945.0","56,559.0","11.54K","-5.58%"
"2021- 11- 17","60,386.1","60,124.0","60,847.0","58,427.0","6.72K","0.44%"
"2021- 11- 16","60,124.0","63,562.0","63,562.0","58,708.0","13.07K","-5.41%"
"2021- 11- 15","63,562.0","65,471.0","66,320.0","63,383.3","5.27K","-2.92%"
"2021- 11- 14","65,471.0","64,406.0","65,471.0","63,589.0","2.19K","1.65%"
"2021- 11- 13","64,406.0","64,137.0","64,968.2","63,405.0","1.87K","0.39%"
"2021- 11- 12","64,156.0","64,801.0","65,412.0","62,310.0","5.12K","-1.00%"
"2021- 11- 11","64,801.0","64,954.0","65,541.0","64,089.0","2.86K","-0.24%"
"2021- 11- 10","64,954.0","66,935.0","68,925.0","63,123.0","12.23K","-2.96%"
"2021- 11- 09","66,935.0","67,526.0","68,429.0","66,343.0","6.46K","-0.88%"
"2021- 11- 08","67,526.0","63,259.1","67,665.0","63,259.1","8.98K","6.75%"
"2021- 11- 07","63,259.1","61,495.0","63,279.0","61,400.0","3.23K","2.87%"
"2021- 11- 06","61,496.0","61,016.4","61,583.0","60,100.0","2.93K","0.79%"
"2021- 11- 05","61,016.4","61,422.8","62,598.0","60,746.3","2.26K","-0.66%"
"2021- 11- 04","61,422.8","62,904.0","63,060.2","60,733.0","2.93K","-2.35%"
"2021- 11- 03","62,904.0","63,249.0","63,556.0","60,624.0","4.76K","-0.55%"
"2021- 11- 02","63,249.0","60,927.0","64,263.4","60,661.0","5.20K","3.81%"
"2021- 11- 01","60,927.0","61,330.0","62,485.0","59,595.6","4.81K","-0.66%"
"2021- 10- 31","61,330.0","61,838.8","62,414.0","60,021.0","2.42K","-0.82%"
"2021- 10- 30","61,838.8","62,235.0","62,353.0","60,756.0","2.24K","-0.64%"
"2021- 10- 29","62,235.0","60,598.0","62,980.0","60,189.5","3.92K","2.70%"
"2021- 10- 28","60,598.0","58,453.0","62,395.0","57,612.0","8.07K","3.67%"
"2021- 10- 27","58,453.0","60,289.0","61,447.7","58,096.4","7.14K","-3.05%"
"2021- 10- 26","60,290.0","63,100.0","63,306.0","59,852.0","4.75K","-4.45%"
"2021- 10- 25","63,100.0","60,847.0","63,666.0","60,633.0","3.71K","3.70%"
"2021- 10- 24","60,847.0","61,302.0","61,471.0","59,537.0","2.88K","-0.74%"
"2021- 10- 23","61,302.0","60,708.0","61,731.0","59,762.0","2.71K","0.98%"
"2021- 10- 22","60,708.0","62,200.0","63,708.0","60,045.0","6.35K","-2.40%"
"2021- 10- 21","62,200.0","65,988.0","66,643.0","62,100.0","13.37K","-5.74%"
"2021- 10- 20","65,988.0","64,263.0","66,927.0","63,536.0","9.26K","2.73%"
"2021- 10- 19","64,237.0","62,034.0","64,418.0","61,441.1","9.15K","3.55%"
"2021- 10- 18","62,034.0","61,504.0","62,661.0","59,948.0","8.56K","0.85%"
"2021- 10- 17","61,511.0","60,867.5","61,652.0","59,073.0","5.14K","1.06%"
"2021- 10- 16","60,867.5","61,680.0","62,325.0","60,175.0","4.28K","-1.36%"
"2021- 10- 15","61,709.0","57,354.0","62,897.0","56,889.0","11.88K","7.59%"
"2021- 10- 14","57,354.0","57,381.0","58,473.0","56,880.0","4.59K","-0.05%"
"2021- 10- 13","57,381.0","55,967.0","57,758.0","54,310.0","3.09K","2.53%"
"2021- 10- 12","55,967.0","57,468.0","57,633.0","54,000.0","5.94K","-2.61%"
"2021- 10- 11","57,468.0","54,701.0","57,802.5","54,430.0","7.51K","5.06%"
"2021- 10- 10","54,701.0","54,978.0","56,414.0","54,173.0","5.84K","-0.50%"
"2021- 10- 09","54,978.0","53,925.0","55,443.7","53,711.0","2.44K","1.95%"
"2021- 10- 08","53,925.0","53,793.0","56,000.0","53,649.0","5.48K","0.25%"
"2021- 10- 07","53,793.0","55,331.0","55,339.0","53,444.0","4.95K","-2.78%"
"2021- 10- 06","55,331.0","51,508.0","55,724.0","50,448.0","10.52K","7.42%"
"2021- 10- 05","51,508.0","49,232.0","51,891.1","49,065.0","6.68K","4.58%"
"2021- 10- 04","49,252.0","48,243.0","49,503.0","46,951.0","6.19K","2.09%"
"2021- 10- 03","48,243.0","47,675.0","49,187.0","47,124.0","3.60K","1.19%"
"2021- 10- 02","47,675.0","48,151.0","48,330.0","47,459.0","2.06K","-1.00%"
"2021- 10- 01","48,157.0","43,830.0","48,454.0","43,311.0","8.32K","9.87%"
"2021- 09- 30","43,830.0","41,551.0","44,107.0","41,432.0","5.11K","5.48%"
"2021- 09- 29","41,551.0","41,064.0","42,591.0","40,811.0","4.39K","1.19%"
"2021- 09- 28","41,064.0","42,191.0","42,777.0","40,928.0","6.16K","-2.67%"
"2021- 09- 27","42,191.0","43,220.5","44,354.0","42,144.0","4.26K","-2.29%"
"2021- 09- 26","43,180.0","42,711.0","43,931.0","40,830.0","5.47K","1.10%"
"2021- 09- 25","42,711.0","42,854.0","42,977.0","41,731.0","2.96K","-0.39%"
"2021- 09- 24","42,878.0","44,882.0","45,140.0","40,779.0","11.76K","-4.47%"
"2021- 09- 23","44,882.0","43,582.6","44,986.0","43,121.0","5.29K","2.98%"
"2021- 09- 22","43,582.6","40,632.5","43,998.0","40,607.0","8.43K","7.18%"
"2021- 09- 21","40,664.0","43,002.0","43,622.3","39,678.0","14.96K","-5.44%"
"2021- 09- 20","43,002.0","47,239.0","47,323.0","42,577.0","12.63K","-8.97%"
"2021- 09- 19","47,239.0","48,309.0","48,370.0","46,837.0","2.28K","-2.21%"
"2021- 09- 18","48,309.0","47,296.0","48,794.0","47,070.0","2.05K","2.15%"
"2021- 09- 17","47,292.0","47,786.0","48,183.0","46,782.0","2.49K","-1.03%"
"2021- 09- 16","47,786.0","48,136.0","48,518.0","47,080.0","3.61K","-0.73%"
"2021- 09- 15","48,136.0","47,078.0","48,440.0","46,738.0","3.98K","2.25%"
"2021- 09- 14","47,078.0","44,960.0","47,235.0","44,726.0","3.52K","4.71%"
"2021- 09- 13","44,960.0","46,069.0","46,823.0","43,514.0","8.77K","-2.41%"
"2021- 09- 12","46,069.0","45,169.0","46,391.0","44,780.1","3.39K","1.99%"
"2021- 09- 11","45,169.0","44,852.0","45,990.0","44,750.0","2.54K","0.71%"
"2021- 09- 10","44,852.0","46,389.0","47,036.0","44,265.1","5.18K","-3.31%"
"2021- 09- 09","46,389.0","46,088.0","47,397.0","45,591.0","3.85K","0.65%"
"2021- 09- 08","46,088.0","46,778.0","47,342.4","44,509.9","7.55K","-1.48%"
"2021- 09- 07","46,778.0","52,676.0","52,888.0","43,347.0","16.70K","-11.20%"
"2021- 09- 06","52,676.0","51,762.0","52,709.0","51,062.0","4.84K","1.77%"
"2021- 09- 05","51,762.0","49,899.0","51,900.0","49,500.0","5.54K","3.73%"
"2021- 09- 04","49,899.0","50,000.0","50,529.0","49,418.0","2.37K","-0.20%"
"2021- 09- 03","50,000.0","49,291.0","51,032.0","48,362.0","7.33K","1.44%"
"2021- 09- 02","49,291.0","48,844.0","50,365.0","48,633.0","4.95K","0.92%"
"2021- 09- 01","48,844.0","47,157.0","49,102.0","46,600.0","5.71K","3.58%"
"2021- 08- 31","47,157.0","47,008.0","48,241.0","46,725.0","4.30K","0.32%"
"2021- 08- 30","47,008.0","48,800.0","48,915.7","46,904.0","4.12K","-3.67%"
"2021- 08- 29","48,800.0","48,914.0","49,650.0","47,844.0","4.05K","-0.23%"
"2021- 08- 28","48,914.0","49,076.1","49,310.0","48,400.0","2.30K","-0.33%"
"2021- 08- 27","49,076.1","46,832.0","49,159.0","46,364.9","5.80K","4.79%"
"2021- 08- 26","46,832.0","48,989.0","49,385.0","46,370.7","6.48K","-4.40%"
"2021- 08- 25","48,989.0","47,714.0","49,244.0","47,158.0","4.12K","2.67%"
"2021- 08- 24","47,714.0","49,539.0","49,857.0","47,604.0","4.77K","-3.68%"
"2021- 08- 23","49,539.0","49,264.0","50,506.3","49,055.0","5.42K","0.56%"
"2021- 08- 22","49,264.0","48,868.0","49,487.0","48,121.0","2.75K","0.81%"
"2021- 08- 21","48,868.0","49,332.0","49,784.0","48,290.0","3.92K","-0.94%"
"2021- 08- 20","49,332.0","46,765.0","49,362.0","46,660.0","6.04K","5.49%"
"2021- 08- 19","46,765.0","44,744.0","47,060.0","43,992.0","5.97K","4.52%"
"2021- 08- 18","44,744.0","44,698.0","46,007.8","44,290.0","5.82K","0.10%"
"2021- 08- 17","44,698.0","45,940.0","47,157.0","44,467.0","6.93K","-2.70%"
"2021- 08- 16","45,940.0","47,031.0","48,059.0","45,689.0","6.06K","-2.32%"
"2021- 08- 15","47,031.0","47,084.0","47,355.0","45,556.0","3.83K","-0.11%"
"2021- 08- 14","47,084.0","47,842.0","48,120.0","46,036.0","4.35K","-1.58%"
"2021- 08- 13","47,842.0","44,423.0","47,866.0","44,276.0","7.39K","7.70%"
"2021- 08- 12","44,423.0","45,546.0","46,185.0","43,789.0","5.64K","-2.47%"
"2021- 08- 11","45,546.0","45,612.0","46,725.0","45,358.0","4.32K","-0.14%"
"2021- 08- 10","45,612.0","46,291.0","46,674.0","44,644.0","6.37K","-1.47%"
"2021- 08- 09","46,293.0","43,770.0","46,432.2","42,792.0","10.72K","5.76%"
"2021- 08- 08","43,770.0","44,589.0","45,249.0","43,300.0","8.16K","-1.84%"
"2021- 08- 07","44,589.0","42,830.0","44,689.2","42,464.0","9.32K","4.11%"
"2021- 08- 06","42,830.0","40,887.0","43,294.0","39,933.0","6.46K","4.75%"
"2021- 08- 05","40,887.0","39,741.0","41,352.0","37,361.0","6.43K","2.85%"
"2021- 08- 04","39,754.0","38,219.0","39,965.0","37,564.0","3.67K","4.05%"
"2021- 08- 03","38,207.0","39,156.0","39,774.0","37,700.0","5.08K","-2.42%"
"2021- 08- 02","39,156.0","39,922.0","40,441.0","38,716.0","4.62K","-1.92%"
"2021- 08- 01","39,922.0","41,409.0","42,532.0","39,596.0","9.11K","-3.59%"
"2021- 07- 31","41,409.0","42,169.0","42,317.0","41,051.0","5.07K","-1.80%"
"2021- 07- 30","42,169.0","40,034.4","42,244.0","38,373.0","7.77K","5.31%"
"2021- 07- 29","40,041.0","40,004.0","40,623.0","39,282.0","4.07K","0.09%"
"2021- 07- 28","40,004.0","39,563.0","40,899.0","38,822.0","7.98K","1.11%"
"2021- 07- 27","39,563.0","37,296.0","39,563.0","36,436.0","6.04K","6.08%"
"2021- 07- 26","37,296.0","35,422.0","40,515.6","35,276.0","16.31K","5.34%"
"2021- 07- 25","35,407.0","34,620.0","35,430.0","33,906.0","2.78K","4.62%"
"2021- 07- 24","33,845.0","33,597.1","34,043.0","33,422.0","3.34K","0.74%"
"2021- 07- 23","33,597.1","32,320.0","33,625.3","32,020.0","3.97K","3.95%"
"2021- 07- 22","32,320.0","32,141.0","32,609.7","31,747.0","5.23K","0.56%"
"2021- 07- 21","32,141.0","29,806.1","32,804.0","29,545.0","8.25K","7.83%"
"2021- 07- 20","29,806.1","30,847.0","31,075.0","29,341.0","8.88K","-3.37%"
"2021- 07- 19","30,847.0","31,824.0","31,924.0","30,514.0","12.80K","-3.07%"
"2021- 07- 18","31,824.0","31,559.0","32,427.0","31,211.8","12.41K","0.84%"
"2021- 07- 17","31,559.0","31,427.0","31,975.0","31,224.0","13.71K","0.41%"
"2021- 07- 16","31,429.0","31,875.0","32,266.0","31,055.0","5.38K","-1.34%"
"2021- 07- 15","31,857.0","32,822.6","33,194.0","31,170.0","6.96K","-2.94%"
"2021- 07- 14","32,822.6","32,727.0","33,117.0","31,596.0","5.19K","0.29%"
"2021- 07- 13","32,727.0","33,090.0","33,333.0","32,210.0","4.02K","-1.10%"
"2021- 07- 12","33,090.0","34,239.0","34,624.0","32,616.0","8.41K","-3.36%"
"2021- 07- 11","34,239.0","33,506.0","34,584.0","33,317.0","2.15K","2.19%"
"2021- 07- 10","33,506.0","33,769.0","34,221.0","33,024.0","6.46K","-0.78%"
"2021- 07- 09","33,769.0","32,873.9","34,044.0","32,574.0","6.66K","2.72%"
"2021- 07- 08","32,873.9","33,886.0","33,939.0","32,063.0","14.29K","-2.99%"
"2021- 07- 07","33,886.0","34,256.0","35,076.0","33,826.0","3.51K","-0.74%"
"2021- 07- 06","34,140.0","33,668.0","34,858.8","33,668.0","8.81K","1.40%"
"2021- 07- 05","33,668.0","35,289.0","35,289.0","33,479.2","7.72K","-4.59%"
"2021- 07- 04","35,289.0","35,494.0","35,782.0","35,289.0","2.93K","1.53%"
"2021- 07- 03","34,758.0","33,816.0","34,762.0","33,561.6","2.89K","2.79%"
"2021- 07- 02","33,816.0","33,554.4","33,924.0","32,727.0","5.15K","0.78%"
"2021- 07- 01","33,554.4","35,043.5","35,043.5","32,821.0","5.82K","-4.25%"
"2021- 06- 30","35,043.5","35,895.9","35,981.0","34,754.0","3.45K","-2.37%"
"2021- 06- 29","35,895.9","34,484.0","36,411.0","34,316.7","5.51K","4.09%"
"2021- 06- 28","34,484.0","34,717.0","35,168.0","34,152.0","6.18K","-0.67%"
"2021- 06- 27","34,717.0","32,359.0","34,717.0","32,359.0","28.71K","7.29%"
"2021- 06- 26","32,359.0","31,584.7","32,359.0","30,331.0","20.53K","2.45%"
"2021- 06- 25","31,584.0","34,656.6","34,915.0","31,584.0","37.67K","-8.87%"
"2021- 06- 24","34,656.6","33,703.0","35,137.2","32,530.0","4.86K","2.83%"
"2021- 06- 23","33,703.0","32,553.0","34,196.0","32,553.0","9.14K","3.53%"
"2021- 06- 22","32,553.0","31,761.0","33,300.0","29,927.0","26.87K","2.49%"
"2021- 06- 21","31,761.0","35,631.0","35,631.0","31,475.0","23.45K","-10.86%"
"2021- 06- 20","35,631.0","35,585.8","35,966.0","33,725.0","16.93K","0.13%"
"2021- 06- 19","35,585.8","35,802.0","36,236.0","35,460.0","11.57K","-0.60%"
"2021- 06- 18","35,802.0","38,061.0","38,061.0","35,490.0","11.42K","-5.94%"
"2021- 06- 17","38,061.0","38,332.0","39,324.0","37,733.7","3.54K","-0.71%"
"2021- 06- 16","38,332.0","40,139.0","40,394.0","38,332.0","6.79K","-4.50%"
"2021- 06- 15","40,139.0","40,509.0","40,708.8","39,726.0","7.78K","-0.89%"
"2021- 06- 14","40,500.0","39,004.0","40,732.0","38,812.0","9.73K","3.84%"
"2021- 06- 13","39,004.0","35,531.0","39,021.1","34,984.0","8.99K","9.77%"
"2021- 06- 12","35,531.0","37,338.0","37,338.0","35,185.0","7.38K","-4.84%"
"2021- 06- 11","37,338.0","36,649.2","37,427.0","36,342.0","6.42K","1.88%"
"2021- 06- 10","36,649.2","37,347.0","37,933.0","36,559.0","9.57K","-1.87%"
"2021- 06- 09","37,347.0","33,415.0","37,490.0","32,673.0","26.97K","11.77%"
"2021- 06- 08","33,415.0","33,596.0","33,744.8","31,547.6","12.92K","-0.54%"
"2021- 06- 07","33,596.0","35,782.0","36,613.3","33,596.0","9.97K","-6.11%"
"2021- 06- 06","35,782.0","35,543.0","36,238.0","35,496.0","6.51K","0.67%"
"2021- 06- 05","35,543.0","36,844.0","37,690.3","35,296.0","6.59K","-3.56%"
"2021- 06- 04","36,854.0","39,209.0","39,209.0","36,532.0","5.93K","-6.01%"
"2021- 06- 03","39,209.0","37,590.0","39,209.0","37,371.0","5.75K","4.31%"
"2021- 06- 02","37,590.0","36,672.6","38,053.0","36,192.3","3.97K","2.50%"
"2021- 06- 01","36,672.6","37,305.0","37,624.8","35,928.0","5.29K","-1.70%"
"2021- 05- 31","37,305.0","35,615.0","37,305.0","34,527.0","5.98K","4.75%"
"2021- 05- 30","35,615.0","34,570.0","36,138.0","33,680.0","6.02K","3.02%"
"2021- 05- 29","34,570.0","35,667.0","36,910.5","33,681.0","7.76K","-3.08%"
"2021- 05- 28","35,667.0","38,484.7","38,484.7","35,028.0","10.22K","-7.20%"
"2021- 05- 27","38,435.0","39,301.0","40,120.0","37,381.0","5.55K","-2.20%"
"2021- 05- 26","39,301.0","38,363.0","40,497.8","38,020.2","8.61K","2.45%"
"2021- 05- 25","38,363.0","38,772.9","39,761.0","36,760.5","7.77K","-1.06%"
"2021- 05- 24","38,772.9","34,730.3","39,201.0","34,730.3","15.13K","11.64%"
"2021- 05- 23","34,730.3","37,585.0","38,186.0","32,623.0","25.99K","-7.60%"
"2021- 05- 22","37,585.0","37,415.0","38,662.0","36,150.0","13.56K","0.45%"
"2021- 05- 21","37,415.0","40,550.1","41,500.0","35,188.0","23.31K","-7.79%"
"2021- 05- 20","40,578.0","36,755.0","41,827.0","35,198.4","25.60K","10.40%"
"2021- 05- 19","36,755.0","42,935.0","42,935.0","35,303.4","67.82K","-14.39%"
"2021- 05- 18","42,935.0","43,544.0","45,474.0","42,611.8","10.72K","-1.40%"
"2021- 05- 17","43,544.0","46,569.0","46,569.0","42,304.0","37.72K","-6.52%"
"2021- 05- 16","46,582.9","46,784.9","49,460.0","45,340.0","19.06K","-0.43%"
"2021- 05- 15","46,784.9","49,917.0","50,526.2","46,784.9","9.49K","-6.27%"
"2021- 05- 14","49,917.0","49,747.0","51,168.0","49,289.0","6.05K","0.34%"
"2021- 05- 13","49,747.0","49,725.0","51,154.0","48,120.6","21.16K","0.04%"
"2021- 05- 12","49,725.0","56,715.0","57,688.0","49,725.0","14.96K","-12.32%"
"2021- 05- 11","56,715.0","55,851.0","56,724.0","54,789.0","7.69K","1.55%"
"2021- 05- 10","55,851.0","58,276.0","59,454.3","55,448.0","13.49K","-4.16%"
"2021- 05- 09","58,276.0","58,894.0","58,956.5","56,977.0","8.48K","-1.05%"
"2021- 05- 08","58,894.0","57,349.0","59,327.0","57,317.0","7.61K","2.69%"
"2021- 05- 07","57,349.0","56,451.0","58,101.0","55,606.0","6.93K","1.59%"
"2021- 05- 06","56,451.0","57,487.0","57,843.0","55,897.0","10.44K","-1.79%"
"2021- 05- 05","57,477.0","52,960.0","57,477.0","52,960.0","7.66K","7.91%"
"2021- 05- 04","53,264.0","57,147.0","57,147.0","53,264.0","10.03K","-6.79%"
"2021- 05- 03","57,147.0","56,605.0","58,686.0","56,605.0","7.63K","0.96%"
"2021- 05- 02","56,605.0","57,774.0","57,774.0","56,385.0","4.20K","-2.02%"
"2021- 05- 01","57,774.0","57,634.7","58,265.0","57,259.0","4.32K","0.24%"
"2021- 04- 30","57,637.0","53,566.0","57,637.0","53,339.0","7.86K","7.60%"
"2021- 04- 29","53,566.0","54,860.0","54,860.0","52,631.0","7.08K","-2.36%"
"2021- 04- 28","54,860.0","55,044.0","55,575.0","54,090.0","5.76K","-0.33%"
"2021- 04- 27","55,044.0","54,103.0","55,215.0","53,660.0","7.24K","1.74%"
"2021- 04- 26","54,103.0","49,129.0","54,214.0","49,129.0","11.01K","10.15%"
"2021- 04- 25","49,116.3","50,167.0","50,539.0","48,409.8","9.60K","-2.09%"
"2021- 04- 24","50,167.0","51,139.0","51,139.0","49,572.0","5.98K","-1.90%"
"2021- 04- 23","51,139.0","51,781.3","51,781.3","48,719.6","17.25K","-1.24%"
"2021- 04- 22","51,781.3","53,822.0","55,067.0","51,781.3","12.69K","-3.79%"
"2021- 04- 21","53,822.0","56,476.0","56,476.0","53,822.0","7.10K","-4.70%"
"2021- 04- 20","56,476.0","55,639.0","56,950.0","54,398.0","8.39K","1.50%"
"2021- 04- 19","55,639.0","56,173.0","57,359.0","54,912.8","8.57K","-0.93%"
"2021- 04- 18","56,163.0","59,970.0","60,223.0","54,416.8","26.33K","-6.35%"
"2021- 04- 17","59,970.0","61,325.0","62,367.7","59,970.0","7.02K","-2.21%"
"2021- 04- 16","61,325.0","63,196.0","63,453.0","60,286.0","11.54K","-2.96%"
"2021- 04- 15","63,196.0","62,907.0","63,475.0","62,348.0","6.61K","0.40%"
"2021- 04- 14","62,942.7","63,518.0","64,374.0","62,065.0","10.93K","-0.91%"
"2021- 04- 13","63,518.0","59,900.0","63,518.0","59,900.0","11.26K","6.04%"
"2021- 04- 12","59,900.0","60,034.8","60,701.0","59,747.0","5.50K","-0.22%"
"2021- 04- 11","60,034.8","59,823.8","60,486.0","59,411.0","4.65K","0.35%"
"2021- 04- 10","59,823.8","58,114.0","60,984.0","58,114.0","9.79K","2.94%"
"2021- 04- 09","58,114.0","58,110.0","58,683.0","57,849.0","3.75K","0.01%"
"2021- 04- 08","58,110.0","55,960.0","58,110.0","55,960.0","4.48K","3.84%"
"2021- 04- 07","55,960.0","57,991.0","58,490.0","55,960.0","8.85K","-3.50%"
"2021- 04- 06","57,991.0","59,145.0","59,200.0","57,603.0","5.62K","-1.95%"
"2021- 04- 05","59,145.0","58,240.0","59,145.0","57,034.0","5.59K","1.55%"
"2021- 04- 04","58,240.0","57,023.0","58,240.0","57,023.0","4.97K","2.13%"
"2021- 04- 03","57,023.0","58,959.0","59,499.0","57,023.0","6.63K","-3.28%"
"2021- 04- 02","58,959.0","58,727.4","59,834.0","58,727.4","6.15K","0.39%"
"2021- 04- 01","58,727.4","58,796.0","59,172.9","58,498.0","4.35K","-0.12%"
"2021- 03- 31","58,796.0","58,841.0","59,453.0","57,698.0","8.12K","-0.08%"
"2021- 03- 30","58,841.0","57,672.3","59,349.0","57,278.0","7.87K","2.03%"
"2021- 03- 29","57,672.3","55,773.0","58,162.0","54,984.0","10.12K","3.41%"
"2021- 03- 28","55,773.0","55,886.0","56,326.0","55,089.0","4.21K","-0.20%"
"2021- 03- 27","55,886.0","54,992.9","56,249.0","54,373.0","5.18K","1.62%"
"2021- 03- 26","54,992.9","51,363.0","54,992.9","51,363.0","7.71K","7.07%"
"2021- 03- 25","51,363.0","52,347.2","52,926.0","50,874.0","11.59K","-1.88%"
"2021- 03- 24","52,347.2","54,331.0","56,919.0","52,347.2","14.08K","-3.65%"
"2021- 03- 23","54,331.0","54,074.0","55,646.9","53,541.2","6.57K","0.48%"
"2021- 03- 22","54,074.0","57,368.0","58,036.0","54,074.0","8.72K","-5.74%"
"2021- 03- 21","57,368.0","58,087.0","58,499.5","56,200.0","8.29K","-1.24%"
"2021- 03- 20","58,087.0","58,074.0","59,421.0","58,074.0","6.78K","0.02%"
"2021- 03- 19","58,074.0","57,640.0","58,961.0","57,030.0","6.48K","0.75%"
"2021- 03- 18","57,640.0","58,870.0","59,799.0","57,580.0","7.24K","-2.09%"
"2021- 03- 17","58,870.0","56,924.0","58,870.0","54,576.0","11.27K","3.42%"
"2021- 03- 16","56,924.0","55,644.0","56,924.0","54,049.0","10.49K","2.30%"
"2021- 03- 15","55,644.0","59,005.0","60,141.1","55,644.0","14.78K","-5.70%"
"2021- 03- 14","59,005.0","61,207.0","61,468.0","59,005.0","6.64K","-3.60%"
"2021- 03- 13","61,207.0","57,315.0","61,207.0","56,488.0","13.70K","6.79%"
"2021- 03- 12","57,315.0","57,869.0","57,869.0","55,946.0","9.56K","-0.96%"
"2021- 03- 11","57,869.0","55,939.0","57,921.0","54,834.0","8.66K","3.42%"
"2021- 03- 10","55,955.2","54,950.0","57,033.0","53,698.7","10.68K","1.83%"
"2021- 03- 09","54,949.4","52,395.0","54,949.4","52,395.0","8.20K","4.88%"
"2021- 03- 08","52,395.0","51,031.2","52,395.0","49,821.0","6.15K","2.67%"
"2021- 03- 07","51,031.2","48,895.0","51,031.2","48,895.0","5.37K","4.37%"
"2021- 03- 06","48,895.0","48,811.0","49,043.1","47,515.4","4.21K","0.17%"
"2021- 03- 05","48,811.0","48,368.0","49,277.0","46,662.0","9.42K","0.92%"
"2021- 03- 04","48,368.0","50,425.0","51,556.0","48,059.0","9.56K","-4.08%"
"2021- 03- 03","50,425.0","48,526.0","52,018.0","48,526.0","8.60K","3.91%"
"2021- 03- 02","48,526.0","49,572.0","49,572.0","47,453.6","8.37K","-2.11%"
"2021- 03- 01","49,572.0","45,300.0","49,572.0","45,300.0","9.42K","9.43%"
"2021- 02- 28","45,300.0","46,217.0","46,360.5","43,380.0","13.54K","-1.98%"
"2021- 02- 27","46,217.0","46,319.0","47,766.9","46,217.0","7.60K","-0.22%"
"2021- 02- 26","46,319.0","47,144.0","48,250.0","45,320.0","22.33K","-1.75%"
"2021- 02- 25","47,144.0","49,715.0","51,511.0","47,144.0","9.55K","-5.17%"
"2021- 02- 24","49,715.0","48,888.0","51,043.0","47,179.0","12.00K","1.69%"
"2021- 02- 23","48,888.0","54,078.0","54,078.0","45,343.5","32.59K","-9.60%"
"2021- 02- 22","54,078.0","57,376.0","57,376.0","48,383.0","27.31K","-5.75%"
"2021- 02- 21","57,376.0","55,838.0","58,238.0","55,639.0","6.69K","2.75%"
"2021- 02- 20","55,838.0","55,847.0","57,352.0","55,182.0","11.63K","-0.02%"
"2021- 02- 19","55,847.0","51,566.0","56,093.0","51,079.0","11.80K","8.30%"
"2021- 02- 18","51,566.0","52,060.0","52,433.0","51,356.9","5.87K","-0.95%"
"2021- 02- 17","52,060.0","49,225.0","52,284.0","49,225.0","9.21K","5.76%"
"2021- 02- 16","49,225.0","47,941.0","49,533.5","47,643.0","13.04K","2.68%"
"2021- 02- 15","47,941.0","48,587.0","48,694.0","46,563.0","9.88K","-1.33%"
"2021- 02- 14","48,587.0","47,177.0","49,279.0","47,177.0","7.34K","2.99%"
"2021- 02- 13","47,177.0","47,389.0","47,939.0","46,582.0","5.23K","-0.45%"
"2021- 02- 12","47,389.0","47,966.0","48,540.0","47,072.0","10.79K","-1.20%"
"2021- 02- 11","47,966.0","44,835.0","47,981.0","44,444.0","10.30K","6.98%"
"2021- 02- 10","44,835.0","46,486.0","47,056.0","44,541.0","10.02K","-3.55%"
"2021- 02- 09","46,486.0","46,440.0","48,004.0","45,882.0","15.90K","0.10%"
"2021- 02- 08","46,440.0","38,841.0","46,440.0","38,250.0","24.79K","19.56%"
"2021- 02- 07","38,841.0","39,257.0","39,561.0","38,061.0","7.63K","-1.06%"
"2021- 02- 06","39,257.0","38,260.0","40,780.0","38,260.0","10.18K","2.61%"
"2021- 02- 05","38,260.0","36,975.0","38,260.0","36,759.0","4.48K","3.48%"
"2021- 02- 04","36,975.0","37,677.0","37,998.0","36,521.0","6.42K","-1.86%"
"2021- 02- 03","37,677.0","35,563.0","37,677.0","35,563.0","8.80K","5.94%"
"2021- 02- 02","35,563.0","33,559.0","35,960.0","33,559.0","7.01K","5.97%"
"2021- 02- 01","33,559.0","33,141.0","34,460.1","32,595.0","5.30K","1.26%"
"2021- 01- 31","33,141.0","34,334.0","34,334.0","32,270.0","5.82K","-3.47%"
"2021- 01- 30","34,334.0","34,268.0","34,791.0","33,136.6","7.29K","0.16%"
"2021- 01- 29","34,280.7","33,350.0","38,056.0","32,466.0","28.64K","2.85%"
"2021- 01- 28","33,331.0","30,454.0","33,418.0","30,344.0","9.17K","9.45%"
"2021- 01- 27","30,454.0","32,519.0","32,519.0","29,815.0","14.77K","-6.35%"
"2021- 01- 26","32,519.0","32,268.1","32,735.1","31,434.0","8.54K","0.78%"
"2021- 01- 25","32,268.1","32,298.0","34,693.0","32,268.1","9.23K","-0.09%"
"2021- 01- 24","32,298.0","32,099.0","32,830.0","31,481.0","5.89K","0.62%"
"2021- 01- 23","32,099.0","33,062.0","33,062.0","31,773.0","7.07K","-2.91%"
"2021- 01- 22","33,062.0","30,852.0","33,631.0","28,991.0","15.72K","7.09%"
"2021- 01- 21","30,873.0","35,522.0","35,522.0","30,609.0","22.35K","-13.09%"
"2021- 01- 20","35,521.1","35,915.0","36,263.0","33,447.0","14.14K","-1.22%"
"2021- 01- 19","35,958.0","36,699.0","37,673.0","35,958.0","9.61K","-2.02%"
"2021- 01- 18","36,699.0","35,913.0","36,906.0","35,180.0","8.41K","2.22%"
"2021- 01- 17","35,903.0","36,061.0","36,570.0","33,914.0","9.85K","-0.42%"
"2021- 01- 16","36,055.0","36,741.0","37,750.0","35,809.0","10.84K","-1.87%"
"2021- 01- 15","36,741.0","39,145.0","39,476.0","35,268.0","15.55K","-6.20%"
"2021- 01- 14","39,170.0","37,374.0","39,750.0","37,193.0","12.97K","4.80%"
"2021- 01- 13","37,375.0","34,106.0","37,418.0","33,160.0","14.89K","9.59%"
"2021- 01- 12","34,103.0","35,448.0","35,838.6","33,616.0","22.18K","-3.87%"
"2021- 01- 11","35,476.0","38,226.0","38,226.0","31,842.0","48.04K","-7.19%"
"2021- 01- 10","38,226.0","40,171.0","41,209.3","37,436.0","19.01K","-4.84%"
"2021- 01- 09","40,171.0","40,509.0","41,046.0","38,966.0","8.17K","-0.83%"
"2021- 01- 08","40,509.0","39,407.0","41,616.0","37,723.0","21.79K","2.80%"
"2021- 01- 07","39,407.0","36,755.0","39,672.0","36,755.0","22.11K","7.22%"
"2021- 01- 06","36,755.0","33,986.0","36,755.0","33,901.0","18.62K","8.12%"
"2021- 01- 05","33,996.0","32,020.0","33,996.0","30,979.1","14.48K","6.17%"
"2021- 01- 04","32,020.0","32,971.0","33,403.0","29,178.0","24.68K","-2.88%"
"2021- 01- 03","32,971.0","32,183.0","34,253.0","32,110.0","18.91K","2.44%"
"2021- 01- 02","32,185.0","29,346.0","33,168.0","29,192.0","22.01K","9.67%"
"2021- 01- 01","29,346.0","28,933.0","29,498.0","28,932.0","8.33K","1.43%"
"2020- 12- 31","28,933.0","28,880.0","29,133.0","28,358.0","12.22K","0.18%"
"2020- 12- 30","28,880.0","27,316.0","28,892.0","27,316.0","10.51K","5.73%"
"2020- 12- 29","27,315.0","27,058.0","27,315.0","25,923.0","8.92K","0.95%"
"2020- 12- 28","27,058.0","26,241.0","27,308.0","26,241.0","7.60K","3.11%"
"2020- 12- 27","26,241.0","26,410.0","28,051.1","26,241.0","17.96K","-0.65%"
"2020- 12- 26","26,412.0","24,717.0","26,577.0","24,566.0","13.15K","6.86%"
"2020- 12- 25","24,717.0","23,743.0","24,717.0","23,491.0","13.78K","4.14%"
"2020- 12- 24","23,735.0","23,234.0","23,735.0","22,860.0","4.75K","2.16%"
"2020- 12- 23","23,234.0","23,805.0","23,916.0","22,917.0","12.07K","-2.40%"
"2020- 12- 22","23,805.0","22,701.0","23,805.0","22,489.7","7.41K","4.86%"
"2020- 12- 21","22,701.0","23,432.7","23,901.0","22,483.0","14.18K","-3.10%"
"2020- 12- 20","23,427.0","23,804.0","24,099.0","23,331.7","9.60K","-1.58%"
"2020- 12- 19","23,804.0","23,127.0","24,058.0","22,966.0","9.67K","2.93%"
"2020- 12- 18","23,127.0","22,806.6","23,142.0","22,544.0","7.28K","1.41%"
"2020- 12- 17","22,806.6","21,322.0","23,492.0","21,322.0","22.87K","6.96%"
"2020- 12- 16","21,322.0","19,459.0","21,322.0","19,388.0","21.07K","9.57%"
"2020- 12- 15","19,459.0","19,282.0","19,548.0","19,135.0","6.93K","0.92%"
"2020- 12- 14","19,281.0","19,180.0","19,281.0","19,076.0","2.53K","0.53%"
"2020- 12- 13","19,180.0","18,818.0","19,338.1","18,747.0","4.83K","1.96%"
"2020- 12- 12","18,810.6","18,050.0","18,821.0","18,050.0","3.68K","4.21%"
"2020- 12- 11","18,050.0","18,260.0","18,260.0","17,764.0","6.57K","-1.15%"
"2020- 12- 10","18,260.0","18,560.0","18,560.0","18,155.0","3.66K","-1.62%"
"2020- 12- 09","18,560.0","18,337.0","18,630.0","17,827.0","9.77K","1.23%"
"2020- 12- 08","18,335.0","19,196.0","19,299.0","18,335.0","9.62K","-4.49%"
"2020- 12- 07","19,196.0","19,410.0","19,410.0","18,959.4","2.29K","-1.10%"
"2020- 12- 06","19,410.0","19,157.0","19,410.0","19,015.6","4.33K","1.32%"
"2020- 12- 05","19,157.0","18,657.0","19,157.0","18,657.0","3.66K","2.68%"
"2020- 12- 04","18,657.0","19,452.0","19,452.0","18,657.0","8.65K","-4.06%"
"2020- 12- 03","19,447.0","19,241.0","19,560.0","18,999.4","5.25K","1.07%"
"2020- 12- 02","19,241.0","18,807.0","19,275.0","18,538.0","7.63K","2.31%"
"2020- 12- 01","18,807.0","19,695.0","19,733.0","18,727.0","21.94K","-4.47%"
"2020- 11- 30","19,686.0","18,196.0","19,723.0","18,196.0","14.95K","8.19%"
"2020- 11- 29","18,196.0","17,746.0","18,212.0","17,579.2","3.99K","2.54%"
"2020- 11- 28","17,746.0","17,169.3","17,800.0","16,997.0","5.75K","3.36%"
"2020- 11- 27","17,169.3","17,211.7","17,492.0","16,614.9","11.21K","-0.29%"
"2020- 11- 26","17,219.0","18,727.0","18,824.0","16,592.0","34.34K","-8.07%"
"2020- 11- 25","18,730.0","19,134.8","19,303.0","18,730.0","13.48K","-2.12%"
"2020- 11- 24","19,134.8","18,373.0","19,349.0","18,357.0","14.94K","4.15%"
"2020- 11- 23","18,373.0","18,399.0","18,655.0","18,158.0","8.76K","-0.14%"
"2020- 11- 22","18,399.0","18,660.0","18,668.0","18,122.0","9.10K","-1.40%"
"2020- 11- 21","18,660.0","18,669.0","18,944.5","18,521.0","6.62K","-0.05%"
"2020- 11- 20","18,669.0","17,810.0","18,699.7","17,810.0","7.97K","4.82%"
"2020- 11- 19","17,810.0","17,773.0","18,140.0","17,486.0","5.57K","0.21%"
"2020- 11- 18","17,773.0","17,674.9","18,212.0","17,378.6","17.52K","0.56%"
"2020- 11- 17","17,674.9","16,710.0","17,740.0","16,627.0","12.21K","5.77%"
"2020- 11- 16","16,710.0","15,962.2","16,827.6","15,906.0","6.52K","4.68%"
"2020- 11- 15","15,962.2","16,057.0","16,095.0","15,871.0","2.56K","-0.60%"
"2020- 11- 14","16,058.3","16,310.0","16,310.0","15,833.0","5.09K","-1.54%"
"2020- 11- 13","16,310.0","16,296.2","16,405.0","16,079.0","7.70K","0.10%"
"2020- 11- 12","16,294.0","15,710.0","16,294.0","15,656.0","12.30K","3.72%"
"2020- 11- 11","15,710.0","15,312.0","15,911.6","15,312.0","6.94K","2.60%"
"2020- 11- 10","15,312.0","15,329.0","15,402.0","15,177.0","3.74K","-0.11%"
"2020- 11- 09","15,329.0","15,501.0","15,687.0","15,063.7","8.95K","-1.11%"
"2020- 11- 08","15,501.0","14,844.1","15,554.2","14,844.1","6.47K","4.43%"
"2020- 11- 07","14,844.1","15,571.7","15,610.0","14,734.0","14.37K","-4.67%"
"2020- 11- 06","15,571.7","15,568.0","15,876.0","15,441.0","12.10K","-0.01%"
"2020- 11- 05","15,574.0","14,160.0","15,574.0","14,160.0","15.90K","9.99%"
"2020- 11- 04","14,160.0","14,025.0","14,160.0","13,643.0","10.10K","0.96%"
"2020- 11- 03","14,025.0","13,562.0","14,025.0","13,401.0","5.81K","3.41%"
"2020- 11- 02","13,563.0","13,756.0","13,828.5","13,414.0","6.59K","-1.40%"
"2020- 11- 01","13,756.0","13,788.0","13,829.0","13,679.5","3.11K","-0.23%"
"2020- 10- 31","13,788.0","13,568.0","13,958.0","13,499.0","8.95K","1.62%"
"2020- 10- 30","13,568.0","13,451.0","13,642.2","13,250.0","4.66K","0.87%"
"2020- 10- 29","13,451.0","13,272.0","13,555.1","13,153.0","4.07K","1.35%"
"2020- 10- 28","13,272.0","13,626.3","13,763.0","13,041.2","7.11K","-2.60%"
"2020- 10- 27","13,626.3","13,061.0","13,703.5","13,061.0","8.98K","4.33%"
"2020- 10- 26","13,061.0","13,037.0","13,205.0","12,863.0","3.68K","0.18%"
"2020- 10- 25","13,037.0","13,127.0","13,298.0","12,990.0","3.63K","-0.72%"
"2020- 10- 24","13,132.0","12,935.0","13,166.0","12,905.0","1.97K","1.52%"
"2020- 10- 23","12,935.0","12,988.0","12,999.0","12,757.0","2.90K","-0.41%"
"2020- 10- 22","12,988.0","12,810.9","13,128.0","12,738.3","6.09K","1.27%"
"2020- 10- 21","12,825.0","11,925.0","13,099.0","11,925.0","15.40K","7.55%"
"2020- 10- 20","11,925.0","11,757.0","11,980.0","11,723.0","5.42K","1.43%"
"2020- 10- 19","11,757.0","11,518.0","11,764.0","11,451.0","3.77K","2.08%"
"2020- 10- 18","11,518.0","11,375.0","11,518.0","11,366.0","1.32K","1.26%"
"2020- 10- 17","11,375.0","11,325.0","11,375.0","11,325.0","1.04K","0.44%"
"2020- 10- 16","11,325.0","11,509.0","11,540.0","11,268.2","3.46K","-1.60%"
"2020- 10- 15","11,509.0","11,440.0","11,513.0","11,335.0","4.26K","0.60%"
"2020- 10- 14","11,440.0","11,442.0","11,547.0","11,347.0","2.69K","-0.02%"
"2020- 10- 13","11,442.0","11,560.0","11,560.0","11,392.5","3.91K","-1.02%"
"2020- 10- 12","11,560.0","11,385.0","11,698.9","11,284.0","6.37K","1.54%"
"2020- 10- 11","11,385.0","11,308.0","11,430.0","11,308.0","1.48K","0.68%"
"2020- 10- 10","11,308.0","11,071.0","11,450.0","11,071.0","4.17K","2.14%"
"2020- 10- 09","11,071.0","10,943.0","11,102.4","10,878.0","2.57K","1.17%"
"2020- 10- 08","10,943.0","10,687.0","10,943.0","10,577.0","3.64K","2.40%"
"2020- 10- 07","10,687.0","10,613.7","10,687.0","10,584.1","1.67K","0.69%"
"2020- 10- 06","10,613.7","10,807.0","10,807.0","10,592.0","3.22K","-1.79%"
"2020- 10- 05","10,807.0","10,687.0","10,807.0","10,669.0","1.78K","1.12%"
"2020- 10- 04","10,687.0","10,558.6","10,694.1","10,557.6","1.63K","1.22%"
"2020- 10- 03","10,558.6","10,586.0","10,608.0","10,535.0","0.83K","-0.26%"
"2020- 10- 02","10,586.0","10,634.0","10,634.0","10,476.0","3.74K","-0.45%"
"2020- 10- 01","10,634.0","10,795.0","10,909.0","10,523.0","5.68K","-1.48%"
"2020- 09- 30","10,794.0","10,856.0","10,856.0","10,715.0","1.50K","-0.57%"
"2020- 09- 29","10,856.0","10,712.0","10,856.0","10,697.0","1.79K","1.34%"
"2020- 09- 28","10,712.0","10,803.0","10,941.0","10,712.0","3.79K","-0.84%"
"2020- 09- 27","10,803.0","10,750.0","10,807.1","10,664.0","1.75K","0.49%"
"2020- 09- 26","10,750.0","10,708.0","10,776.9","10,700.7","0.94K","0.39%"
"2020- 09- 25","10,708.0","10,754.0","10,765.0","10,629.0","2.35K","-0.43%"
"2020- 09- 24","10,754.0","10,263.0","10,760.0","10,263.0","3.20K","4.78%"
"2020- 09- 23","10,263.0","10,549.0","10,549.0","10,255.0","3.09K","-2.71%"
"2020- 09- 22","10,549.0","10,435.0","10,589.0","10,435.0","2.41K","1.10%"
"2020- 09- 21","10,434.0","10,934.5","10,980.9","10,434.0","6.01K","-4.58%"
"2020- 09- 20","10,934.5","11,099.0","11,099.0","10,848.2","1.82K","-1.48%"
"2020- 09- 19","11,099.0","10,957.2","11,127.0","10,957.2","2.47K","1.29%"
"2020- 09- 18","10,957.2","10,959.0","11,022.0","10,868.0","2.26K","-0.02%"
"2020- 09- 17","10,959.0","10,971.3","11,040.4","10,812.7","2.51K","-0.11%"
"2020- 09- 16","10,971.3","10,797.0","11,091.0","10,690.9","4.80K","1.61%"
"2020- 09- 15","10,797.0","10,690.0","10,899.9","10,690.0","4.99K","1.04%"
"2020- 09- 14","10,686.0","10,331.0","10,754.0","10,331.0","3.68K","3.44%"
"2020- 09- 13","10,331.0","10,458.0","10,560.0","10,244.0","4.04K","-1.21%"
"2020- 09- 12","10,458.0","10,405.0","10,463.5","10,352.0","1.43K","0.51%"
"2020- 09- 11","10,405.0","10,355.0","10,405.0","10,220.0","2.47K","0.48%"
"2020- 09- 10","10,355.0","10,240.0","10,407.0","10,240.0","3.55K","1.12%"
"2020- 09- 09","10,240.0","10,149.8","10,324.0","10,030.0","2.41K","0.89%"
"2020- 09- 08","10,149.8","10,397.0","10,397.0","10,007.0","6.76K","-2.38%"
"2020- 09- 07","10,397.0","10,276.0","10,397.0","9,964.1","6.30K","1.18%"
"2020- 09- 06","10,276.0","10,196.9","10,325.0","10,122.0","2.76K","0.77%"
"2020- 09- 05","10,197.0","10,484.7","10,517.7","10,046.2","8.51K","-2.74%"
"2020- 09- 04","10,484.7","10,170.0","10,593.0","10,170.0","13.59K","3.09%"
"2020- 09- 03","10,170.0","11,408.0","11,408.0","10,011.0","15.88K","-10.85%"
"2020- 09- 02","11,408.0","11,942.0","11,942.0","11,334.0","6.19K","-4.47%"
"2020- 09- 01","11,942.0","11,671.0","12,037.0","11,616.0","5.02K","2.32%"
"2020- 08- 31","11,671.0","11,729.9","11,734.0","11,639.1","2.24K","-0.50%"
"2020- 08- 30","11,729.9","11,492.0","11,729.9","11,492.0","2.10K","2.07%"
"2020- 08- 29","11,492.0","11,545.0","11,587.0","11,476.3","1.52K","-0.46%"
"2020- 08- 28","11,545.0","11,343.0","11,545.0","11,343.0","2.02K","1.78%"
"2020- 08- 27","11,343.0","11,471.1","11,471.1","11,254.0","4.81K","-1.12%"
"2020- 08- 26","11,471.0","11,341.0","11,482.0","11,316.0","2.48K","1.15%"
"2020- 08- 25","11,341.0","11,768.0","11,768.0","11,200.0","6.16K","-3.63%"
"2020- 08- 24","11,768.0","11,663.0","11,817.9","11,616.8","1.99K","0.90%"
"2020- 08- 23","11,663.0","11,685.0","11,692.6","11,551.0","1.93K","-0.19%"
"2020- 08- 22","11,685.0","11,531.0","11,690.7","11,449.0","3.46K","1.34%"
"2020- 08- 21","11,531.0","11,884.0","11,889.0","11,531.0","6.10K","-2.97%"
"2020- 08- 20","11,884.0","11,778.0","11,900.0","11,719.0","2.73K","0.90%"
"2020- 08- 19","11,778.0","11,961.8","12,004.0","11,694.6","6.29K","-1.54%"
"2020- 08- 18","11,961.8","12,300.0","12,359.0","11,927.2","7.18K","-2.75%"
"2020- 08- 17","12,300.0","11,925.0","12,415.0","11,826.1","10.12K","3.14%"
"2020- 08- 16","11,925.0","11,873.4","11,925.0","11,781.0","2.71K","0.43%"
"2020- 08- 15","11,873.4","11,761.0","11,977.4","11,761.0","4.04K","0.96%"
"2020- 08- 14","11,761.0","11,792.5","11,824.0","11,699.0","4.65K","-0.27%"
"2020- 08- 13","11,792.5","11,589.0","11,792.5","11,388.0","5.78K","1.74%"
"2020- 08- 12","11,591.0","11,379.8","11,591.0","11,257.0","5.82K","1.86%"
"2020- 08- 11","11,379.8","11,892.0","11,912.0","11,278.0","7.11K","-4.31%"
"2020- 08- 10","11,892.0","11,675.7","12,024.0","11,675.7","6.57K","1.85%"
"2020- 08- 09","11,675.7","11,764.0","11,782.0","11,572.0","1.57K","-0.75%"
"2020- 08- 08","11,764.0","11,580.0","11,772.0","11,564.0","1.87K","1.59%"
"2020- 08- 07","11,580.0","11,759.0","11,845.0","11,509.0","5.09K","-1.52%"
"2020- 08- 06","11,759.0","11,735.8","11,858.0","11,649.7","3.90K","0.20%"
"2020- 08- 05","11,735.8","11,184.0","11,735.8","11,182.0","5.79K","4.93%"
"2020- 08- 04","11,184.0","11,226.5","11,346.8","11,096.0","3.26K","-0.38%"
"2020- 08- 03","11,226.5","11,053.8","11,389.0","11,053.8","4.09K","1.56%"
"2020- 08- 02","11,053.8","11,804.7","11,917.0","11,032.0","13.22K","-6.36%"
"2020- 08- 01","11,804.7","11,350.0","11,804.7","11,307.0","10.57K","4.01%"
"2020- 07- 31","11,350.0","11,123.0","11,378.0","11,038.0","5.83K","2.04%"
"2020- 07- 30","11,123.0","11,117.0","11,180.0","10,965.0","4.25K","0.05%"
"2020- 07- 29","11,117.0","10,932.0","11,240.0","10,929.2","8.82K","1.69%"
"2020- 07- 28","10,932.0","11,044.0","11,211.8","10,761.0","9.88K","-1.01%"
"2020- 07- 27","11,044.0","9,946.3","11,249.1","9,946.3","21.58K","11.02%"
"2020- 07- 26","9,948.1","9,714.9","10,008.0","9,685.8","8.94K","2.40%"
"2020- 07- 25","9,714.9","9,559.1","9,730.5","9,559.1","2.56K","1.63%"
"2020- 07- 24","9,559.4","9,615.0","9,615.0","9,505.3","2.26K","-0.58%"
"2020- 07- 23","9,615.0","9,557.7","9,642.9","9,494.6","4.70K","0.60%"
"2020- 07- 22","9,557.7","9,402.0","9,557.7","9,349.3","4.14K","1.66%"
"2020- 07- 21","9,402.0","9,179.2","9,434.0","9,179.2","5.40K","2.43%"
"2020- 07- 20","9,179.2","9,231.2","9,231.2","9,169.7","1.40K","-0.56%"
"2020- 07- 19","9,231.2","9,189.1","9,231.2","9,130.5","1.44K","0.46%"
"2020- 07- 18","9,189.1","9,167.3","9,200.1","9,142.9","1.17K","0.24%"
"2020- 07- 17","9,167.3","9,149.9","9,172.0","9,128.8","1.06K","0.19%"
"2020- 07- 16","9,149.9","9,210.1","9,215.7","9,092.1","2.87K","-0.65%"
"2020- 07- 15","9,210.1","9,263.4","9,263.4","9,195.7","0.90K","-0.58%"
"2020- 07- 14","9,263.4","9,252.0","9,270.7","9,194.8","2.20K","0.12%"
"2020- 07- 13","9,252.0","9,315.8","9,344.8","9,238.1","1.93K","-0.68%"
"2020- 07- 12","9,315.8","9,246.3","9,315.8","9,195.6","1.86K","0.75%"
"2020- 07- 11","9,246.3","9,305.7","9,305.7","9,221.8","0.81K","-0.64%"
"2020- 07- 10","9,305.7","9,248.9","9,305.7","9,161.9","1.42K","0.61%"
"2020- 07- 09","9,248.9","9,447.0","9,447.0","9,215.0","3.71K","-2.10%"
"2020- 07- 08","9,447.0","9,267.5","9,480.7","9,267.5","3.81K","1.94%"
"2020- 07- 07","9,267.5","9,361.0","9,361.0","9,255.1","1.63K","-1.00%"
"2020- 07- 06","9,361.0","9,089.7","9,361.0","9,080.1","4.26K","2.99%"
"2020- 07- 05","9,089.7","9,147.7","9,152.3","9,004.9","2.08K","-0.63%"
"2020- 07- 04","9,147.7","9,073.9","9,203.5","9,060.0","1.13K","0.81%"
"2020- 07- 03","9,073.9","9,100.0","9,135.5","9,058.1","1.09K","-0.29%"
"2020- 07- 02","9,100.0","9,239.9","9,266.1","8,950.2","3.79K","-1.51%"
"2020- 07- 01","9,239.9","9,150.6","9,298.0","9,109.5","2.19K","0.98%"
"2020- 06- 30","9,150.6","9,194.4","9,206.5","9,077.1","1.83K","-0.48%"
"2020- 06- 29","9,194.4","9,127.8","9,242.1","9,030.2","3.64K","0.73%"
"2020- 06- 28","9,127.8","9,015.3","9,193.2","8,949.4","2.11K","1.25%"
"2020- 06- 27","9,015.3","9,173.1","9,199.5","8,857.3","3.37K","-1.72%"
"2020- 06- 26","9,173.1","9,257.0","9,299.0","9,054.1","3.69K","-0.91%"
"2020- 06- 25","9,257.0","9,312.1","9,344.0","9,012.7","5.55K","-0.59%"
"2020- 06- 24","9,312.1","9,635.1","9,684.1","9,222.3","5.52K","-3.35%"
"2020- 06- 23","9,635.1","9,697.7","9,724.0","9,594.7","3.42K","-0.65%"
"2020- 06- 22","9,697.7","9,298.1","9,794.2","9,285.2","5.88K","4.30%"
"2020- 06- 21","9,298.1","9,371.3","9,431.1","9,292.1","1.34K","-0.78%"
"2020- 06- 20","9,371.3","9,315.5","9,401.0","9,178.6","1.87K","0.60%"
"2020- 06- 19","9,315.5","9,400.0","9,439.9","9,241.8","2.62K","-0.90%"
"2020- 06- 18","9,400.0","9,473.3","9,496.4","9,287.2","1.66K","-0.77%"
"2020- 06- 17","9,473.3","9,534.4","9,566.0","9,261.3","3.14K","-0.64%"
"2020- 06- 16","9,534.4","9,435.0","9,589.9","9,388.1","3.44K","1.07%"
"2020- 06- 15","9,433.9","9,344.8","9,510.0","8,914.9","10.16K","0.95%"
"2020- 06- 14","9,345.4","9,480.9","9,486.0","9,262.0","2.69K","-1.43%"
"2020- 06- 13","9,480.8","9,468.3","9,498.2","9,363.6","1.85K","0.13%"
"2020- 06- 12","9,468.3","9,272.2","9,544.0","9,246.0","5.05K","2.11%"
"2020- 06- 11","9,272.2","9,898.8","9,972.8","9,088.6","15.78K","-6.33%"
"2020- 06- 10","9,898.8","9,771.9","10,004.0","9,699.3","4.46K","1.31%"
"2020- 06- 09","9,770.8","9,784.4","9,875.9","9,582.1","3.40K","-0.13%"
"2020- 06- 08","9,783.2","9,747.1","9,800.0","9,650.4","2.36K","0.38%"
"2020- 06- 07","9,746.3","9,668.4","9,814.0","9,402.3","4.71K","0.81%"
"2020- 06- 06","9,668.4","9,620.4","9,733.0","9,552.6","1.95K","0.50%"
"2020- 06- 05","9,620.5","9,790.7","9,861.8","9,620.5","3.62K","-1.74%"
"2020- 06- 04","9,790.7","9,672.0","9,882.1","9,477.0","4.28K","1.23%"
"2020- 06- 03","9,672.0","9,530.0","9,684.0","9,400.0","2.66K","1.49%"
"2020- 06- 02","9,530.0","10,221.0","10,242.0","9,197.4","21.47K","-6.76%"
"2020- 06- 01","10,221.0","9,452.1","10,390.0","9,421.8","13.43K","8.13%"
"2020- 05- 31","9,452.1","9,706.4","9,707.2","9,402.6","3.69K","-2.62%"
"2020- 05- 30","9,706.4","9,426.2","9,742.0","9,338.0","6.16K","2.97%"
"2020- 05- 29","9,426.2","9,589.3","9,618.5","9,352.3","3.88K","-1.70%"
"2020- 05- 28","9,589.3","9,210.3","9,629.6","9,121.7","7.63K","4.11%"
"2020- 05- 27","9,210.3","8,845.5","9,225.0","8,822.8","5.46K","4.12%"
"2020- 05- 26","8,845.5","8,902.0","9,013.3","8,705.0","3.94K","-0.63%"
"2020- 05- 25","8,902.0","8,711.5","8,960.8","8,628.6","5.61K","2.19%"
"2020- 05- 24","8,711.5","9,174.6","9,300.0","8,700.0","6.73K","-5.05%"
"2020- 05- 23","9,174.6","9,162.4","9,304.0","9,088.6","2.45K","0.13%"
"2020- 05- 22","9,162.4","9,059.5","9,257.3","8,935.5","3.83K","1.14%"
"2020- 05- 21","9,059.5","9,502.0","9,564.0","8,821.4","11.34K","-4.66%"
"2020- 05- 20","9,502.0","9,770.1","9,840.6","9,305.1","9.60K","-2.74%"
"2020- 05- 19","9,770.1","9,714.8","9,877.5","9,470.2","5.59K","0.57%"
"2020- 05- 18","9,714.8","9,668.2","9,941.1","9,462.4","9.20K","0.48%"
"2020- 05- 17","9,668.2","9,388.0","9,877.7","9,334.2","9.66K","2.98%"
"2020- 05- 16","9,388.0","9,313.3","9,580.0","9,224.0","4.16K","0.80%"
"2020- 05- 15","9,313.3","9,791.0","9,836.5","9,133.6","11.34K","-4.88%"
"2020- 05- 14","9,791.0","9,312.0","9,937.8","9,267.5","12.87K","5.14%"
"2020- 05- 13","9,312.0","8,811.4","9,403.2","8,799.5","9.89K","5.68%"
"2020- 05- 12","8,811.4","8,555.0","8,967.0","8,526.6","5.65K","3.00%"
"2020- 05- 11","8,555.0","8,726.0","9,135.8","8,211.1","20.56K","-1.96%"
"2020- 05- 10","8,726.0","9,537.7","9,557.5","8,107.4","26.50K","-8.51%"
"2020- 05- 09","9,537.9","9,792.2","9,900.0","9,499.0","8.26K","-2.60%"
"2020- 05- 08","9,792.8","9,991.0","10,025.0","9,713.8","12.20K","-1.87%"
"2020- 05- 07","9,979.6","9,150.4","10,045.0","9,050.0","19.87K","8.97%"
"2020- 05- 06","9,157.9","9,020.0","9,415.1","8,918.3","8.73K","1.53%"
"2020- 05- 05","9,020.1","8,871.2","9,119.8","8,770.9","7.71K","1.74%"
"2020- 05- 04","8,865.8","8,901.6","8,959.0","8,535.0","9.32K","-0.38%"
"2020- 05- 03","8,899.8","8,982.3","9,198.0","8,738.5","9.72K","-0.92%"
"2020- 05- 02","8,982.3","8,822.9","8,999.0","8,763.0","5.09K","1.81%"
"2020- 05- 01","8,822.9","8,630.8","9,069.9","8,630.8","7.92K","2.17%"
"2020- 04- 30","8,635.3","8,773.8","9,438.8","8,416.0","29.83K","-1.57%"
"2020- 04- 29","8,773.3","7,750.7","8,918.0","7,706.1","30.21K","13.12%"
"2020- 04- 28","7,755.8","7,777.6","7,777.7","7,658.6","5.62K","-0.28%"
"2020- 04- 27","7,777.7","7,698.0","7,777.7","7,623.4","6.90K","1.05%"
"2020- 04- 26","7,697.1","7,538.5","7,697.1","7,487.0","5.32K","2.10%"
"2020- 04- 25","7,538.5","7,508.4","7,700.0","7,450.1","5.17K","0.42%"
"2020- 04- 24","7,506.8","7,499.0","7,614.0","7,428.3","8.80K","0.15%"
"2020- 04- 23","7,495.2","7,133.3","7,744.9","7,047.4","16.38K","5.08%"
"2020- 04- 22","7,133.0","6,849.9","7,164.0","6,826.2","5.15K","4.13%"
"2020- 04- 21","6,850.0","6,835.0","6,955.6","6,770.7","6.46K","0.12%"
"2020- 04- 20","6,841.9","7,133.4","7,235.0","6,767.1","9.96K","-4.09%"
"2020- 04- 19","7,133.3","7,268.8","7,285.4","7,058.7","4.74K","-1.87%"
"2020- 04- 18","7,269.1","7,045.9","7,300.1","7,044.9","5.20K","3.17%"
"2020- 04- 17","7,045.8","7,114.7","7,158.9","7,013.4","4.68K","-0.97%"
"2020- 04- 16","7,114.9","6,629.1","7,200.0","6,500.4","17.75K","7.25%"
"2020- 04- 15","6,633.8","6,874.0","6,938.4","6,621.3","6.01K","-3.47%"
"2020- 04- 14","6,872.4","6,847.9","6,984.9","6,762.9","4.30K","0.35%"
"2020- 04- 13","6,848.7","6,916.5","6,916.5","6,576.5","12.68K","-0.93%"
"2020- 04- 12","6,913.0","6,884.5","7,192.2","6,797.6","8.89K","0.41%"
"2020- 04- 11","6,884.5","6,874.3","6,954.4","6,780.0","4.07K","0.13%"
"2020- 04- 10","6,875.5","7,293.7","7,305.8","6,756.4","15.84K","-5.73%"
"2020- 04- 09","7,293.5","7,367.1","7,370.7","7,117.0","7.75K","-1.00%"
"2020- 04- 08","7,367.0","7,203.0","7,420.0","7,155.8","8.18K","2.28%"
"2020- 04- 07","7,203.0","7,340.2","7,452.0","7,088.0","11.99K","-1.95%"
"2020- 04- 06","7,346.0","6,780.2","7,350.1","6,779.9","14.59K","8.38%"
"2020- 04- 05","6,778.0","6,880.6","6,914.7","6,693.4","5.65K","-1.51%"
"2020- 04- 04","6,881.6","6,738.5","7,010.8","6,660.0","7.12K","2.09%"
"2020- 04- 03","6,740.8","6,810.7","7,048.1","6,624.6","9.97K","-1.14%"
"2020- 04- 02","6,818.3","6,685.7","7,263.3","6,591.3","20.08K","2.15%"
"2020- 04- 01","6,675.0","6,429.0","6,714.6","6,180.0","11.23K","3.85%"
"2020- 03- 31","6,427.7","6,409.1","6,536.0","6,350.0","5.75K","0.31%"
"2020- 03- 30","6,407.6","5,893.7","6,627.1","5,880.9","12.38K","8.74%"
"2020- 03- 29","5,892.6","6,252.3","6,279.6","5,892.6","11.22K","-5.71%"
"2020- 03- 28","6,249.3","6,366.0","6,366.0","6,061.4","12.96K","-1.89%"
"2020- 03- 27","6,370.0","6,755.0","6,856.0","6,277.8","11.08K","-5.64%"
"2020- 03- 26","6,750.7","6,688.2","6,790.1","6,536.9","6.73K","0.93%"
"2020- 03- 25","6,688.2","6,762.0","6,968.0","6,449.9","13.79K","-1.09%"
"2020- 03- 24","6,762.0","6,491.2","6,838.5","6,406.1","16.62K","4.17%"
"2020- 03- 23","6,491.2","5,820.1","6,652.4","5,682.7","19.55K","11.40%"
"2020- 03- 22","5,827.0","6,202.7","6,410.6","5,757.3","16.28K","-6.04%"
"2020- 03- 21","6,201.8","6,211.1","6,461.0","5,884.7","12.94K","-0.06%"
"2020- 03- 20","6,205.8","6,173.5","6,897.0","5,687.6","31.08K","0.52%"
"2020- 03- 19","6,173.4","5,417.1","6,412.6","5,266.4","31.25K","13.98%"
"2020- 03- 18","5,416.2","5,339.0","5,452.7","5,033.9","21.13K","1.33%"
"2020- 03- 17","5,345.2","5,068.3","5,564.2","4,964.4","19.60K","5.67%"
"2020- 03- 16","5,058.5","5,381.9","5,381.9","4,468.0","41.78K","-6.03%"
"2020- 03- 15","5,383.2","5,217.1","5,984.2","5,133.0","22.62K","3.16%"
"2020- 03- 14","5,218.2","5,621.8","5,673.2","5,099.0","18.64K","-7.24%"
"2020- 03- 13","5,625.4","4,873.1","5,965.3","4,001.0","102.82K","14.17%"
"2020- 03- 12","4,927.0","7,975.3","8,001.7","4,612.1","116.68K","-38.18%"
"2020- 03- 11","7,969.6","7,917.9","8,020.6","7,635.1","10.98K","0.71%"
"2020- 03- 10","7,913.8","7,965.5","8,180.0","7,779.0","10.17K","-0.67%"
"2020- 03- 09","7,967.3","8,073.8","8,214.9","7,700.0","22.56K","-1.32%"
"2020- 03- 08","8,074.0","8,917.2","8,917.2","8,049.5","25.59K","-9.47%"
"2020- 03- 07","8,919.0","9,180.6","9,231.1","8,884.8","4.49K","-2.85%"
"2020- 03- 06","9,180.6","9,085.6","9,199.7","9,016.1","3.14K","0.99%"
"2020- 03- 05","9,090.8","8,795.3","9,185.0","8,795.3","5.72K","3.44%"
"2020- 03- 04","8,788.6","8,791.1","8,877.7","8,718.4","4.17K","-0.03%"
"2020- 03- 03","8,791.1","8,938.5","8,940.0","8,700.0","5.32K","-1.64%"
"2020- 03- 02","8,938.1","8,556.8","8,990.8","8,524.6","5.32K","4.35%"
"2020- 03- 01","8,565.2","8,561.5","8,775.0","8,460.0","5.39K","0.09%"
"2020- 02- 29","8,557.3","8,730.6","8,820.9","8,557.3","2.50K","-1.96%"
"2020- 02- 28","8,728.0","8,826.1","8,908.3","8,455.2","7.09K","-1.11%"
"2020- 02- 27","8,825.8","8,813.2","8,975.0","8,555.0","8.39K","0.14%"
"2020- 02- 26","8,813.2","9,324.8","9,385.9","8,652.7","14.59K","-5.51%"
"2020- 02- 25","9,327.5","9,674.0","9,686.6","9,251.4","8.49K","-3.58%"
"2020- 02- 24","9,674.1","9,983.8","10,022.0","9,484.3","6.59K","-3.11%"
"2020- 02- 23","9,985.0","9,663.0","10,001.0","9,660.2","7.30K","3.34%"
"2020- 02- 22","9,662.4","9,693.0","9,714.0","9,565.2","1.84K","-0.32%"
"2020- 02- 21","9,693.5","9,609.2","9,757.4","9,567.9","11.10K","0.89%"
"2020- 02- 20","9,608.1","9,586.2","9,694.7","9,362.4","6.50K","0.17%"
"2020- 02- 19","9,592.2","10,184.0","10,309.0","9,350.3","13.94K","-5.80%"
"2020- 02- 18","10,183.0","9,708.0","10,275.0","9,625.9","8.25K","4.89%"
"2020- 02- 17","9,708.0","9,929.7","9,963.8","9,501.5","9.30K","-2.23%"
"2020- 02- 16","9,929.7","9,901.0","10,037.0","9,651.4","6.93K","0.29%"
"2020- 02- 15","9,901.0","10,335.0","10,370.0","9,800.3","6.40K","-4.20%"
"2020- 02- 14","10,335.0","10,222.0","10,371.0","10,101.0","4.13K","1.11%"
"2020- 02- 13","10,222.0","10,338.0","10,489.0","10,080.0","8.98K","-1.13%"
"2020- 02- 12","10,339.0","10,249.0","10,458.0","10,238.0","8.71K","0.90%"
"2020- 02- 11","10,247.0","9,851.2","10,316.0","9,720.0","8.45K","4.03%"
"2020- 02- 10","9,850.2","10,151.5","10,187.0","9,737.8","8.52K","-2.96%"
"2020- 02- 09","10,151.0","9,877.3","10,161.0","9,871.1","9.64K","2.77%"
"2020- 02- 08","9,877.2","9,805.2","9,920.7","9,657.8","5.53K","0.73%"
"2020- 02- 07","9,805.2","9,745.0","9,859.6","9,695.5","3.70K","0.62%"
"2020- 02- 06","9,744.9","9,612.0","9,860.0","9,547.0","8.58K","1.38%"
"2020- 02- 05","9,612.0","9,197.5","9,731.2","9,180.2","10.77K","4.51%"
"2020- 02- 04","9,197.4","9,309.2","9,359.8","9,112.5","4.07K","-1.20%"
"2020- 02- 03","9,309.3","9,353.1","9,625.3","9,247.1","6.72K","-0.47%"
"2020- 02- 02","9,353.1","9,408.0","9,501.0","9,175.4","6.44K","-0.61%"
"2020- 02- 01","9,410.6","9,371.3","9,476.4","9,318.1","2.53K","0.46%"
"2020- 01- 31","9,367.4","9,512.7","9,519.9","9,221.9","4.87K","-1.53%"
"2020- 01- 30","9,512.7","9,305.1","9,550.0","9,175.7","9.02K","2.24%"
"2020- 01- 29","9,304.2","9,390.9","9,442.0","9,244.4","4.60K","-0.95%"
"2020- 01- 28","9,393.7","8,912.1","9,413.0","8,912.1","9.12K","5.41%"
"2020- 01- 27","8,912.0","8,622.0","9,001.8","8,585.2","6.28K","3.37%"
"2020- 01- 26","8,621.6","8,351.1","8,622.0","8,303.6","3.52K","3.21%"
"2020- 01- 25","8,353.7","8,447.1","8,447.2","8,280.0","2.10K","-1.11%"
"2020- 01- 24","8,447.1","8,403.6","8,521.8","8,247.7","3.51K","0.52%"
"2020- 01- 23","8,403.5","8,668.9","8,669.3","8,296.9","5.70K","-3.01%"
"2020- 01- 22","8,663.9","8,734.2","8,799.9","8,580.6","2.35K","-0.80%"
"2020- 01- 21","8,734.1","8,638.2","8,782.8","8,512.2","3.25K","1.11%"
"2020- 01- 20","8,638.2","8,698.6","8,741.1","8,519.6","4.11K","-0.64%"
"2020- 01- 19","8,694.0","8,891.6","9,169.5","8,455.7","12.41K","-2.22%"
"2020- 01- 18","8,891.5","8,873.1","8,965.0","8,794.2","3.46K","0.18%"
"2020- 01- 17","8,875.4","8,719.5","8,994.9","8,674.2","9.69K","1.78%"
"2020- 01- 16","8,720.6","8,810.9","8,839.9","8,579.8","5.31K","-0.99%"
"2020- 01- 15","8,807.7","8,760.8","8,873.0","8,560.2","8.78K","0.37%"
"2020- 01- 14","8,775.6","8,104.1","8,829.0","8,099.3","16.57K","8.41%"
"2020- 01- 13","8,094.5","8,174.9","8,198.3","8,053.6","2.59K","-0.98%"
"2020- 01- 12","8,174.7","8,013.6","8,174.7","7,951.7","3.21K","2.01%"
"2020- 01- 11","8,013.8","8,184.3","8,271.9","7,994.6","4.25K","-1.99%"
"2020- 01- 10","8,176.3","7,817.4","8,177.8","7,678.5","7.86K","4.59%"
"2020- 01- 09","7,817.5","8,036.8","8,036.8","7,756.2","4.67K","-2.73%"
"2020- 01- 08","8,036.8","8,158.2","8,442.0","7,882.8","11.76K","-1.39%"
"2020- 01- 07","8,150.0","7,759.5","8,200.1","7,741.9","12.35K","5.05%"
"2020- 01- 06","7,757.9","7,364.7","7,784.9","7,358.0","8.54K","5.34%"
"2020- 01- 05","7,364.6","7,370.3","7,509.9","7,315.8","4.45K","-0.07%"
"2020- 01- 04","7,369.8","7,371.8","7,422.0","7,297.7","4.27K","0.03%"
"2020- 01- 03","7,367.5","6,989.4","7,437.6","6,909.3","6.68K","5.41%"
"2020- 01- 02","6,989.4","7,212.7","7,225.2","6,963.0","4.85K","-3.10%"
"2020- 01- 01","7,212.7","7,208.2","7,268.8","7,185.4","2.07K","0.06%"