시장구분,회사명,종목코드,신고서제출일,수요예측일정,청약일정,납입일,상장예정일,상장일,주관사,주요제품,상장유형,증권구분,업종_x,국적,공모금액(백만원),액면가 (원),공모가 (원),최초상장주식수 (주),상장일시가,공모가등락률,상장일종가,상장일등락률,1개월주가,1개월등락률,3개월주가,3개월등락률,6개월주가,6개월등락률,1년주가,1년등락률,report_year,매출액,영업이익,당기순이익
코스닥 상장추진,마이크로투나노,424980,2023-03-17,2023-04-10,2023-04-17,2023-04-20,2023-04-26,2023-04-26,한국투자증권㈜,메모리 테스트용 프로브 카드,신규상장,주권,반도체 제조업,대한민국,15500.0,500.0,15500.0,5918890.0,25200.0,62.6,20650.0,33.2,0.0,0.0,0.0,0.0,0.0,0.0,0.0,0.0,2023,0.0,0.0,0.0
코스닥 상장추진,금양그린파워,282720,2023-02-01,2023-02-23,2023-03-02,2023-03-07,2023-03-13,2023-03-13,삼성증권㈜,"플랜트, 발전소 및 신재생에너지 발전소 공사 및 용역",신규상장,주권,전기 및 통신 공사업,대한민국,30073.0,500.0,10000.0,12119500.0,19000.0,90.0,16200.0,62.0,22850.0,128.5,0.0,0.0,0.0,0.0,0.0,0.0,2023,164987063.0,1411622.0,2540895.0
코스닥 상장추진,지아이이노베이션,358570,2023-01-30,2023-02-21,2023-02-27,2023-03-03,2023-03-09,2023-03-30,"엔에이치투자증권주식회사,하나증권주식회사,삼성증권㈜",면역항암제 및 알레르기 치료제,신규상장,주권,자연과학 및 공학 연구개발업,대한민국,26000.0,500.0,13000.0,22004200.0,18950.0,45.8,20250.0,55.8,0.0,0.0,0.0,0.0,0.0,0.0,0.0,0.0,2023,3500000.0,-67952024.0,-79833059.0
코스닥 상장추진,LB인베스트먼트,309960,2023-01-26,2023-03-13,2023-03-20,2023-03-23,2023-03-29,2023-03-29,미래에셋증권 주식회사,중소기업 창업투자,신규상장,주권,기타 금융업,대한민국,23552.0,1000.0,5100.0,23217239.0,6500.0,27.5,8450.0,65.7,0.0,0.0,0.0,0.0,0.0,0.0,0.0,0.0,2023,18524984.0,0.0,3860468.0
코스닥 상장추진,자람테크놀로지,389020,2023-01-19,2023-02-15,2023-02-22,2023-02-27,2023-03-07,2023-03-07,신영증권㈜,"XGSPON, 기가와이어, 광트랜시버 등",신규상장,주권,반도체 제조업,대한민국,20460.0,500.0,22000.0,6197730.0,44000.0,100.0,42700.0,94.1,48300.0,119.5,0.0,0.0,0.0,0.0,0.0,0.0,2023,16118236.0,202950.0,617353.0
코스닥 상장추진,바이오인프라,199730,2023-01-19,2023-02-13,2023-02-20,2023-02-23,2023-03-02,2023-03-02,DB금융투자주식회사,"생동성시험, 검체 분석",신규상장,주권,자연과학 및 공학 연구개발업,대한민국,13650.0,500.0,21000.0,4796867.0,42000.0,100.0,29400.0,40.0,24300.0,15.7,0.0,0.0,0.0,0.0,0.0,0.0,2023,35427368.0,6360196.0,6237199.0
코스닥 상장추진,오브젠,417860,2023-01-13,2023-01-10,2023-01-16,2023-01-19,2023-01-30,2023-01-30,한국투자증권㈜,CRM 소프트웨어,신규상장,주권,소프트웨어 개발 및 공급업,대한민국,13967.0,500.0,18000.0,3879775.0,36000.0,100.0,46800.0,160.0,63400.0,252.2,0.0,0.0,0.0,0.0,0.0,0.0,2023,25933381.0,-2045438.0,-1946752.0
코스닥 상장추진,나노팀,417010,2023-01-10,2023-02-14,2023-02-20,2023-02-23,2023-03-03,2023-03-03,한국투자증권㈜,전기차용 방열제품,신규상장,주권,일반 목적용 기계 제조업,대한민국,26650.0,500.0,13000.0,19154328.0,26000.0,100.0,29800.0,129.2,36900.0,183.8,0.0,0.0,0.0,0.0,0.0,0.0,2023,38456611.0,3030382.0,4139728.0
코스닥 상장추진,꿈비,407400,2022-12-29,2023-01-26,2023-01-31,2023-02-03,2023-02-09,2023-02-09,키움증권㈜,"놀이방매트, 유아거실가구 등",신규상장,주권,가구 제조업,대한민국,10000.0,100.0,5000.0,7938930.0,10000.0,100.0,13000.0,160.0,26750.0,435.0,0.0,0.0,0.0,0.0,0.0,0.0,2022,20850821.0,2397684.0,1808477.0
코스닥 상장추진,제이오,418550,2022-12-23,2023-02-01,2023-02-07,2023-02-10,2023-02-16,2023-02-16,한국투자증권㈜,"탄소나노튜브, 금속탱크 및 유사용기",신규상장,주권,"건축기술, 엔지니어링 및 관련 기술 서비스업",대한민국,52000.0,100.0,13000.0,31336273.0,19900.0,53.1,21500.0,65.4,27450.0,111.2,0.0,0.0,0.0,0.0,0.0,0.0,2022,78702797.0,-3935327.0,-14605084.0
코스닥 상장추진,삼기이브이,419050,2022-12-22,2023-01-17,2023-01-25,2023-01-30,2023-02-03,2023-02-03,대신증권㈜,배터리(이차전지) 부품 (엔드플레이트),신규상장,주권,자동차 신품 부품 제조업,대한민국,39072.0,100.0,11000.0,14299060.0,22000.0,100.0,26850.0,144.1,20900.0,90.0,0.0,0.0,0.0,0.0,0.0,0.0,2022,116861286.0,7424283.0,-215679.0
코스닥 상장추진,미래반도체,254490,2022-12-19,2023-01-10,2023-01-16,2023-01-19,2023-01-27,2023-01-27,신한투자증권 주식회사,반도체,신규상장,주권,기타 전문 도매업,대한민국,21600.0,100.0,6000.0,14438000.0,12000.0,100.0,15600.0,160.0,18000.0,200.0,27000.0,350.0,0.0,0.0,0.0,0.0,2022,328046447.0,19607546.0,14765589.0
코스닥 상장추진,알피바이오,314140,2022-12-16,2022-09-15,2022-09-20,2022-09-23,2022-09-29,2022-09-29,한국투자증권㈜,연질캡슐 제형의 의약품 및 건강기능식품,신규상장,주권,의약품 제조업,대한민국,15600.0,500.0,13000.0,7823942.0,19300.0,48.5,18300.0,40.8,11050.0,-15.0,13400.0,3.1,13300.0,2.3,0.0,0.0,2022,114963993.0,5879847.0,3812561.0
코스닥 상장추진,스튜디오미르,408900,2022-12-16,2023-01-16,2023-01-26,2023-01-31,2023-02-07,2023-02-07,미래에셋증권 주식회사,애니메이션 제작,신규상장,주권,"영화, 비디오물, 방송프로그램 제작 및 배급업",대한민국,19500.0,100.0,19500.0,5150550.0,39000.0,100.0,50700.0,160.0,41300.0,111.8,0.0,0.0,0.0,0.0,0.0,0.0,2022,14389619.0,-1317604.0,2119219.0
코스닥 상장추진,샌즈랩,411080,2022-12-16,2023-02-01,2023-02-06,2023-02-09,2023-02-15,2023-02-15,키움증권㈜,사이버 위협 인텔리전스(CTI),신규상장,주권,소프트웨어 개발 및 공급업,대한민국,38850.0,100.0,10500.0,15095238.0,21000.0,100.0,24900.0,137.1,16560.0,57.7,0.0,0.0,0.0,0.0,0.0,0.0,2022,5413847.0,488759.0,733713.0
코스닥 상장추진,티이엠씨,425040,2022-12-13,2023-01-04,2023-01-10,2023-01-13,2023-01-19,2023-01-19,한화투자증권㈜,반도체용 특수가스,신규상장,주권,기초 화학물질 제조업,대한민국,50400.0,500.0,28000.0,10623114.0,27950.0,0.0,28100.0,0.0,37250.0,0.0,42500.0,0.0,0.0,0.0,0.0,0.0,2022,88323515.0,12367819.0,10386015.0
코스닥 상장추진,한주라이트메탈,198940,2022-11-18,2023-01-04,2023-01-10,2023-01-13,2023-01-19,2023-01-19,"미래에셋증권 주식회사,현대차증권주식회사",알루미늄 기반 경량화 자동차 부품,신규상장,주권,1차 비철금속 제조업,대한민국,20150.0,500.0,3100.0,19435815.0,4115.0,0.0,5340.0,0.0,4350.0,0.0,6910.0,0.0,0.0,0.0,0.0,0.0,2022,189023781.0,7075704.0,4031354.0
유가증권 상장추진,바이오노트,377740,2022-10-13,2022-11-07,2022-11-10,2022-11-15,2022-11-21,2022-12-22,"한국투자증권㈜,엔에이치투자증권주식회사","Rapid 반제품 및 완제품, 동물용신속진단 키트",신규상장,주권,의료용품 및 기타 의약 관련제품 제조업,대한민국,93600.0,500.0,9000.0,101876048.0,9980.0,10.9,10650.0,18.3,8900.0,-1.1,6680.0,-25.8,0.0,0.0,0.0,0.0,2022,620046067.0,471364335.0,396366331.0
코스닥 상장추진,티에프이,425420,2022-10-12,2022-11-03,2022-11-08,2022-11-11,2022-11-17,2022-11-17,IBK투자증권㈜,"COK, Board, Test Socket",신규상장,주권,전자부품 제조업,대한민국,28350.0,100.0,10500.0,11381000.0,10000.0,-4.8,9260.0,-11.8,8310.0,-20.9,8400.0,-20.0,0.0,0.0,0.0,0.0,2022,66421400.0,9062450.0,8643934.0
코스닥 상장추진,SAMG엔터,419530,2022-10-07,2022-11-17,2022-11-24,2022-11-29,2022-12-06,2022-12-06,엔에이치투자증권주식회사,애니메이션 IP 기획 및 관련 제품 제작,신규상장,주권,"영화, 비디오물, 방송프로그램 제작 및 배급업",대한민국,23800.0,500.0,17000.0,8590930.0,18050.0,6.2,23450.0,37.9,31650.0,86.2,38000.0,123.5,0.0,0.0,0.0,0.0,2022,38374162.0,3358685.0,-11086849.0
코스닥 상장추진,인벤티지랩,389470,2022-09-30,2022-11-08,2022-11-11,2022-11-16,2022-11-22,2022-11-22,한국투자증권㈜,마이크로/나노 입자 기반 약물전달 플랫폼 및 관련 제품,신규상장,주권,의약품 제조업,대한민국,12480.0,500.0,12000.0,8205348.0,12750.0,6.3,14950.0,24.6,10150.0,-15.4,10340.0,-13.8,0.0,0.0,0.0,0.0,2022,1861755.0,-9557906.0,-9271261.0
코스닥 상장추진,윤성에프앤씨,372170,2022-09-30,2022-10-26,2022-11-02,2022-11-07,2022-11-14,2022-11-14,미래에셋증권 주식회사,2차전지용 믹싱시스템,신규상장,주권,"구조용 금속제품, 탱크 및 증기발생기 제조업",대한민국,97743.0,100.0,49000.0,7979048.0,44100.0,-10.0,40450.0,-17.4,43300.0,-11.6,53600.0,9.4,0.0,0.0,0.0,0.0,2022,75893660.0,-4608546.0,-2915367.0
코스닥 상장추진,디티앤씨알오,383930,2022-09-30,2022-10-26,2022-11-02,2022-11-07,2022-11-11,2022-11-11,키움증권㈜,비임상 및 임상시험 대체 용역,신규상장,주권,자연과학 및 공학 연구개발업,대한민국,23800.0,500.0,17000.0,6315256.0,7850.0,-7.6,6925.0,-18.5,5000.0,-41.2,5570.0,-34.5,0.0,0.0,0.0,0.0,2022,32748665.0,4907063.0,4327534.0
코스닥 상장추진,티쓰리,204610,2022-09-29,2022-11-01,2022-11-07,2022-11-10,2022-11-17,2022-11-17,미래에셋증권 주식회사,온라인 및 모바일 게임 등,신규상장,주권,소프트웨어 개발 및 공급업,대한민국,28900.0,100.0,1700.0,65587752.0,2445.0,0.0,2085.0,0.0,1825.0,0.0,1988.0,0.0,0.0,0.0,0.0,0.0,2022,23128163.0,10494520.0,10980704.0
코스닥 상장추진,제이아이테크,417500,2022-09-26,2022-10-20,2022-10-26,2022-10-31,2022-11-04,2022-11-04,미래에셋증권 주식회사,반도체 프리커서 및 쿼츠/블랭크/포토마스크용 케이스,신규상장,주권,기타 화학제품 제조업,대한민국,27662.0,100.0,16000.0,8196186.0,14400.0,-10.0,11900.0,-25.6,10450.0,-34.7,10870.0,-32.1,0.0,0.0,0.0,0.0,2022,20497336.0,5658097.0,4732681.0
코스닥 상장추진,펨트론,168360,2022-09-23,2022-11-08,2022-11-15,2022-11-18,2022-11-24,2022-11-24,하나증권주식회사,3D 정밀측정 검사장비,신규상장,주권,특수 목적용 기계 제조업,대한민국,8800.0,500.0,8000.0,10644142.0,9820.0,22.8,9210.0,15.1,6400.0,-20.0,7860.0,-1.8,0.0,0.0,0.0,0.0,2022,57736502.0,4164927.0,4490718.0
코스닥 상장추진,엔젯,419080,2022-09-23,2022-10-27,2022-11-03,2022-11-08,2022-11-18,2022-11-18,미래에셋증권 주식회사,"EHD 잉크젯 프린터, EHD 코터",신규상장,주권,특수 목적용 기계 제조업,대한민국,21000.0,500.0,10000.0,10517817.0,9000.0,-10.0,10850.0,8.5,10900.0,9.0,16300.0,63.0,0.0,0.0,0.0,0.0,2022,10054924.0,1767080.0,-29867129.0
코스닥 상장추진,큐알티,405100,2022-09-22,2022-10-18,2022-10-24,2022-10-27,2022-11-02,2022-11-02,미래에셋증권 주식회사,반도체 신뢰성 검사 및 종합분석,신규상장,주권,"그외 기타 전문, 과학 및 기술 서비스업",대한민국,43582.0,500.0,44000.0,3984556.0,14354.0,-2.3,12801.0,-12.8,11550.0,-21.4,11630.0,-20.8,0.0,0.0,0.0,0.0,2022,70488997.0,18667056.0,15478142.0
코스닥 상장추진,저스템,417840,2022-09-19,2022-10-13,2022-10-19,2022-10-24,2022-10-28,2022-10-28,미래에셋증권 주식회사,반도체 습도제어 System,신규상장,주권,특수 목적용 기계 제조업,대한민국,18060.0,500.0,10500.0,6941600.0,11000.0,4.8,12400.0,18.1,8880.0,-15.4,9140.0,-13.0,17310.0,64.9,0.0,0.0,2022,44826695.0,7193676.0,5731882.0
코스닥 상장추진,산돌,419120,2022-09-16,2022-10-12,2022-10-18,2022-10-21,2022-10-27,2022-10-27,KB증권㈜,리테일 폰트 등,신규상장,주권,소프트웨어 개발 및 공급업,대한민국,28012.0,500.0,18800.0,7671826.0,24150.0,28.5,20850.0,10.9,14500.0,-22.9,13550.0,-27.9,13710.0,-27.1,0.0,0.0,2022,11197397.0,4529094.0,172928.0
코스닥 상장추진,탑머티리얼,360070,2022-09-01,2022-09-27,2022-10-04,2022-10-07,2022-10-18,2022-10-18,한국투자증권㈜,"이차전지 시스템 엔지니어링, 전극소재, 양극소재",신규상장,주권,일차전지 및 축전지 제조업,대한민국,60000.0,500.0,30000.0,7984343.0,33500.0,0.0,37000.0,0.0,45450.0,0.0,32050.0,0.0,80000.0,0.0,0.0,0.0,2022,31904393.0,4819979.0,4284441.0
코스닥 상장추진,뉴로메카,348340,2022-08-31,2022-10-20,2022-10-26,2022-10-31,2022-11-04,2022-11-04,대신증권㈜,"협동로봇, 협동로봇 자동화 플랫폼, 로봇제어기 등",신규상장,주권,특수 목적용 기계 제조업,대한민국,25350.0,500.0,16900.0,9855420.0,24250.0,43.5,21050.0,24.6,15850.0,-6.2,23200.0,37.3,0.0,0.0,0.0,0.0,2022,7333081.0,-2743394.0,-6667638.0
코스닥 상장추진,오에스피,368970,2022-08-25,2022-09-27,2022-10-04,2022-10-07,2022-10-14,2022-10-14,대신증권㈜,프리미엄 반려동물 사료,신규상장,주권,동물용 사료 및 조제식품 제조업,대한민국,17270.0,500.0,8400.0,9346160.0,10850.0,29.2,10050.0,19.6,6840.0,-18.6,5180.0,-38.3,7490.0,-10.8,0.0,0.0,2022,15694538.0,2803559.0,2876300.0
코스닥 상장추진,모델솔루션,417970,2022-08-24,2022-09-19,2022-09-26,2022-09-29,2022-10-07,2022-10-07,KB증권㈜,"하이엔드 프로토타입 제조, 다품종 소량생산 서비스",신규상장,주권,특수 목적용 기계 제조업,대한민국,27000.0,500.0,27000.0,6396700.0,29500.0,9.3,30900.0,14.4,22850.0,-15.4,17150.0,-36.5,26300.0,-2.6,0.0,0.0,2022,60078878.0,8526295.0,7086006.0
코스닥 상장추진,플라즈맵,405000,2022-08-19,2022-10-05,2022-10-12,2022-10-17,2022-10-21,2022-10-21,미래에셋증권 주식회사,플라즈마 멸균기 및 표면처리기기,신규상장,주권,의료용 기기 제조업,대한민국,12397.0,500.0,7000.0,17706940.0,8420.0,20.3,6700.0,-4.3,6860.0,-2.0,6150.0,-12.1,6150.0,-12.1,0.0,0.0,2022,6348540.0,-10643870.0,-21682344.0
코스닥 상장추진,에스비비테크,389500,2022-08-18,2022-09-15,2022-09-22,2022-09-27,2022-10-04,2022-10-17,미래에셋증권 주식회사,"베어링, 감속기",신규상장,주권,일반 목적용 기계 제조업,대한민국,22320.0,500.0,12400.0,5944490.0,23900.0,92.7,31050.0,150.4,24750.0,99.6,20250.0,63.3,64500.0,420.2,0.0,0.0,2022,6779379.0,-2227144.0,-2815924.0
코스닥 상장추진,핀텔,291810,2022-08-17,2022-10-04,2022-10-11,2022-10-14,2022-10-20,2022-10-20,대신증권㈜,AI 영상 분석 솔루션 및 소프트웨어,신규상장,주권,소프트웨어 개발 및 공급업,대한민국,17800.0,500.0,8900.0,9957412.0,15300.0,71.9,10850.0,21.9,11050.0,24.2,7120.0,-20.0,7300.0,-18.0,0.0,0.0,2022,8209143.0,-853260.0,-2416436.0
코스닥 상장추진,이노룰스,296640,2022-08-17,2022-09-22,2022-09-27,2022-09-30,2022-10-07,2022-10-07,엔에이치투자증권주식회사,"InnoRules, InnoProduct",신규상장,주권,소프트웨어 개발 및 공급업,대한민국,14434.0,500.0,12500.0,5141760.0,13150.0,5.2,15850.0,26.8,13150.0,5.2,9130.0,-27.0,12180.0,-2.6,0.0,0.0,2022,15979685.0,3314891.0,3009484.0
코스닥 상장추진,오픈엣지테크놀로지,394280,2022-08-16,2022-09-07,2022-09-15,2022-09-20,2022-09-26,2022-09-26,삼성증권㈜,시스템 반도체 IP,신규상장,주권,소프트웨어 개발 및 공급업,대한민국,33850.0,100.0,10000.0,20870474.0,10800.0,8.0,10050.0,0.5,9600.0,-4.0,9220.0,-7.8,23050.0,130.5,0.0,0.0,2022,5185868.0,-10335235.0,-13746427.0
코스닥 상장추진,샤페론,378800,2022-08-12,2022-09-29,2022-10-06,2022-10-12,2022-10-19,2022-10-19,엔에이치투자증권주식회사,합성신약 및 항체치료제신약 기술제품 및 기술이전,신규상장,주권,기초 의약물질 및 생물학적 제제 제조업,대한민국,13735.0,500.0,5000.0,22231781.0,9000.0,80.0,8630.0,72.6,8070.0,61.4,7390.0,47.8,6150.0,23.0,0.0,0.0,2022,522840.0,-10466259.0,-23833245.0
코스닥 상장추진,더블유씨피,393890,2022-07-07,2022-09-14,2022-09-20,2022-09-23,2022-09-30,2022-09-30,"신한투자증권 주식회사,KB증권㈜",이차전지용 분리막,신규상장,주권,일차전지 및 축전지 제조업,대한민국,432000.0,500.0,60000.0,33696518.0,54000.0,-10.0,41700.0,-30.5,49850.0,-16.9,43800.0,-27.0,43000.0,-28.3,0.0,0.0,2022,185498674.0,40855746.0,-9963987.0
코스닥 상장추진,에이치와이티씨,148930,2022-06-29,2022-07-21,2022-07-28,2022-08-02,2022-08-09,2022-08-09,신영증권㈜,2차전지 장비 초정밀 부품,신규상장,주권,기타 금속 가공제품 제조업,대한민국,33900.0,500.0,15000.0,10075713.0,14700.0,-2.0,15850.0,5.7,16000.0,6.7,12950.0,-13.7,9800.0,-34.7,0.0,0.0,2022,32721979.0,6807423.0,6972737.0
코스닥 상장추진,새빗켐,107600,2022-06-28,2022-07-20,2022-07-26,2022-07-29,2022-08-04,2022-08-04,한국투자증권㈜,"폐전지재활용소재, 폐산재활용",신규상장,주권,기타 화학제품 제조업,대한민국,37450.0,500.0,35000.0,4754545.0,70000.0,100.0,72500.0,107.1,174200.0,397.7,119200.0,240.6,90100.0,157.4,0.0,0.0,2022,33388664.0,5540032.0,4422892.0
유가증권 상장추진,쏘카,403550,2022-06-24,2022-08-04,2022-08-10,2022-08-16,2022-08-22,2022-08-22,미래에셋증권 주식회사,"카셰어링, 모빌리티 플랫폼 등",신규상장,주권,운송장비 임대업,대한민국,101920.0,100.0,28000.0,32725652.0,28000.0,0.0,26300.0,-6.1,18550.0,-33.8,17550.0,-37.3,21000.0,-25.0,0.0,0.0,2022,284953806.0,-8423142.0,3660720.0
코스닥 상장추진,대성하이텍,129920,2022-06-24,2022-08-04,2022-08-09,2022-08-12,2022-08-22,2022-08-22,신한투자증권 주식회사,"정밀부품, 스위스턴 자동선반, 컴팩트 머시닝센터",신규상장,주권,특수 목적용 기계 제조업,대한민국,29903.0,100.0,9000.0,13278546.0,13000.0,0.0,14600.0,0.0,12100.0,0.0,9050.0,0.0,9400.0,0.0,0.0,0.0,2022,102716207.0,11691679.0,7457426.0
유가증권 상장추진,수산인더스트리,126720,2022-06-22,2022-07-14,2022-07-20,2022-07-25,2022-08-01,2022-08-01,삼성증권㈜,전력발전설비 정비 용역,신규상장,주권,건물설비 설치 공사업,대한민국,200025.0,200.0,35000.0,14286000.0,33000.0,-5.7,32500.0,-7.1,32450.0,-7.3,23100.0,-34.0,24850.0,-29.0,0.0,0.0,2022,202220778.0,35242803.0,52592318.0
코스닥 상장추진,아이씨에이치,368600,2022-06-21,2022-07-13,2022-07-19,2022-07-22,2022-07-29,2022-07-29,삼성증권㈜,스마트기기용 필름형 안테나,신규상장,주권,그외 기타 제품 제조업,대한민국,40120.0,500.0,34000.0,5664755.0,10205.0,-10.0,9004.0,-20.6,7987.0,-29.6,7287.0,-35.7,6750.0,-40.5,0.0,0.0,2022,23271487.0,1056560.0,1514619.0
코스닥 상장추진,에이프릴바이오,397030,2022-06-20,2022-07-13,2022-07-19,2022-07-22,2022-07-28,2022-07-28,엔에이치투자증권주식회사,항체의약품 및 재조합 단백질 의약품,신규상장,주권,자연과학 및 공학 연구개발업,대한민국,20736.0,1000.0,16000.0,10514725.0,19500.0,21.9,21850.0,36.6,20400.0,27.5,11350.0,-29.1,17250.0,7.8,0.0,0.0,2022,23395944.0,4446348.0,-52713117.0
코스닥 상장추진,성일하이텍,365340,2022-06-16,2022-07-11,2022-07-18,2022-07-21,2022-07-28,2022-07-28,"대신증권㈜,KB증권㈜","코발트, 니켈, 리튬 등",신규상장,주권,기초 화학물질 제조업,대한민국,133500.0,500.0,50000.0,11613649.0,99900.0,99.8,88200.0,76.4,115100.0,130.2,124700.0,149.4,96800.0,93.6,0.0,0.0,2022,138486972.0,13660428.0,-10152208.0
코스닥 상장추진,루닛,328130,2022-06-15,2022-07-07,2022-07-12,2022-07-15,2022-07-21,2022-07-21,엔에이치투자증권주식회사,Lunit INSIGHT,신규상장,주권,소프트웨어 개발 및 공급업,대한민국,36474.0,500.0,30000.0,10519873.0,30800.0,2.7,40000.0,33.3,39300.0,31.0,20700.0,-31.0,32400.0,8.0,0.0,0.0,2022,6638999.0,-45661474.0,-73637185.0
코스닥 상장추진,HPSP,403870,2022-06-03,2022-06-29,2022-07-06,2022-07-11,2022-07-15,2022-07-15,엔에이치투자증권주식회사,고압 수소 어닐링 장비,신규상장,주권,특수 목적용 기계 제조업,대한민국,75000.0,500.0,25000.0,19749715.0,12500.0,100.0,10813.0,73.0,14950.0,139.2,12850.0,105.6,13875.0,122.0,0.0,0.0,2022,91752312.0,45212381.0,35343560.0
코스닥 상장추진,넥스트칩,396270,2022-05-23,2022-06-16,2022-06-21,2022-06-24,2022-07-01,2022-07-01,대신증권㈜,"차량 및 자율주행차용 비메모리 반도체(ISP, AHD, ADAS/AD)",신규상장,주권,반도체 제조업,대한민국,33800.0,500.0,13000.0,17384240.0,17150.0,31.9,14300.0,10.0,12350.0,-5.0,13650.0,5.0,7670.0,-41.0,0.0,0.0,2022,24469249.0,-13472883.0,-21607666.0
코스닥 상장추진,코난테크놀로지,402030,2022-05-19,2022-06-21,2022-06-27,2022-06-30,2022-07-07,2022-07-07,한국투자증권㈜,"AI 기반 검색엔진(Konan Search), AI기반 영상인식 솔루션(D: Watcher)",신규상장,주권,소프트웨어 개발 및 공급업,대한민국,30000.0,500.0,25000.0,5680444.0,35300.0,41.2,30600.0,22.4,25850.0,3.4,25150.0,0.6,27350.0,9.4,0.0,0.0,2022,17849096.0,2240099.0,1893973.0
코스닥 상장추진,레이저쎌,412350,2022-05-16,2022-06-09,2022-06-14,2022-06-17,2022-06-24,2022-06-24,삼성증권㈜,"에어리어 레이저솔루션, LSR, LCB, LSB, BSOM 등",신규상장,주권,특수 목적용 기계 제조업,대한민국,25600.0,500.0,16000.0,8425772.0,20600.0,28.8,17350.0,8.4,13250.0,-17.2,8360.0,-47.8,7230.0,-54.8,0.0,0.0,2022,9682052.0,-796543.0,-8053718.0
코스닥 상장추진,보로노이,310210,2022-05-13,2022-06-08,2022-06-14,2022-06-17,2022-06-24,2022-06-24,"한국투자증권㈜,미래에셋증권 주식회사",표적치료제,신규상장,주권,기초 의약물질 및 생물학적 제제 제조업,대한민국,52000.0,500.0,40000.0,12638949.0,36000.0,0.0,29350.0,0.0,37700.0,0.0,30250.0,0.0,33400.0,0.0,0.0,0.0,2022,14773913.0,-8742412.0,-13485931.0
코스닥 상장추진,범한퓨얼셀,382900,2022-05-10,2022-06-02,2022-06-08,2022-06-13,2022-06-17,2022-06-17,"한국투자증권㈜,엔에이치투자증권주식회사","잠수함용 연료전지모듈, 건물용 연료전지 시스템, 수소충전소 구축",신규상장,주권,"전동기, 발전기 및 전기 변환 · 공급 · 제어 장치 제조업",대한민국,85440.0,500.0,40000.0,8761000.0,41000.0,2.5,47950.0,19.9,28650.0,-28.4,33400.0,-16.5,26400.0,-34.0,0.0,0.0,2022,46074813.0,6165812.0,3283915.0
코스닥 상장추진,청담글로벌,362320,2022-04-22,2022-05-17,2022-05-24,2022-05-27,2022-06-03,2022-06-03,"대신증권㈜,KB증권㈜",글로벌 화장품 유통,신규상장,주권,생활용품 도매업,대한민국,30440.0,500.0,6000.0,20551290.0,6500.0,8.3,7640.0,27.3,11250.0,87.5,8660.0,44.3,8340.0,39.0,0.0,0.0,2022,135548008.0,9364858.0,5817840.0
코스닥 상장추진,위니아에이드,377460,2022-04-22,2022-06-09,2022-06-14,2022-06-17,2022-06-23,2022-06-23,신한투자증권 주식회사,"전자제품 소매, 물류주선, 서비스대행",신규상장,주권,기타 운송관련 서비스업,대한민국,86931.0,500.0,16200.0,15393405.0,14600.0,-9.9,11000.0,-32.1,9720.0,-40.0,7570.0,-53.3,6960.0,-57.0,0.0,0.0,2022,486454668.0,34435724.0,24919142.0
코스닥 상장추진,가온칩스,399720,2022-04-07,2022-05-02,2022-05-11,2022-05-16,2022-05-20,2022-05-20,대신증권㈜,설계 솔루션 및 주문형 반도체,신규상장,주권,반도체 제조업,대한민국,28000.0,500.0,14000.0,11488320.0,24150.0,72.5,27100.0,93.6,31000.0,121.4,27600.0,97.1,20350.0,45.4,0.0,0.0,2022,32235607.0,6202436.0,6182766.0
코스닥 상장추진,대명에너지,389260,2022-04-05,2022-04-27,2022-05-03,2022-05-09,2022-05-16,2022-05-16,"한국투자증권㈜,삼성증권㈜",신재생에너지 발전 공사 및 용역,신규상장,주권,건물 건설업,대한민국,37500.0,100.0,15000.0,17000000.0,15450.0,3.0,13950.0,-7.0,17650.0,17.7,18650.0,24.3,21550.0,43.7,0.0,0.0,2022,147391029.0,48515481.0,35585117.0
코스닥 상장추진,포바이포,389140,2022-03-22,2022-04-14,2022-04-19,2022-04-22,2022-04-28,2022-04-28,미래에셋증권 주식회사,광고영화 및 비디오물 제작업,신규상장,주권,"영화, 비디오물, 방송프로그램 제작 및 배급업",대한민국,30174.0,500.0,17000.0,10224235.0,34000.0,100.0,44200.0,160.0,25450.0,49.7,23750.0,39.7,11200.0,-34.1,15150.0,-10.9,2022,22276035.0,4013970.0,3763917.0
코스닥 상장추진,세아메카닉스,396300,2022-02-11,2022-03-10,2022-03-15,2022-03-18,2022-03-24,2022-03-24,신한투자증권 주식회사,"TV스탠드, 전기 수소차 부품 등",신규상장,주권,기타 금속 가공제품 제조업,대한민국,29260.0,100.0,4400.0,26489500.0,8800.0,100.0,7600.0,72.7,6970.0,58.4,8480.0,92.7,7300.0,65.9,5230.0,18.9,2022,104796481.0,5311395.0,6200991.0
코스닥 상장추진,공구우먼,366030,2022-02-10,2022-03-07,2022-03-14,2022-03-17,2022-03-23,2022-03-23,미래에셋증권 주식회사,플러스사이즈 여성용 의류 및 잡화,신규상장,주권,"섬유, 의복, 신발 및 가죽제품 소매업",대한민국,22400.0,100.0,20000.0,3672100.0,3604.0,8.0,3337.0,0.0,6123.0,83.5,14683.0,340.0,9370.0,180.8,10100.0,202.7,2022,47319808.0,10327067.0,8764033.0
코스닥 상장추진,유일로보틱스,388720,2022-01-28,2022-02-24,2022-03-07,2022-03-11,2022-03-18,2022-03-18,한국투자증권㈜,"취출로봇, 사출장비 및 자동화시스템",신규상장,주권,특수 목적용 기계 제조업,대한민국,21500.0,500.0,10000.0,8580846.0,20000.0,100.0,26000.0,160.0,23700.0,137.0,22250.0,122.5,29950.0,199.5,27700.0,177.0,2022,35052241.0,2941100.0,3574180.0
코스닥 상장추진,지투파워,388050,2022-01-26,2022-03-17,2022-03-22,2022-03-25,2022-04-01,2022-04-01,"한국투자증권㈜,KB증권㈜","수·배전반, 태양광발전시스템, 인버터(PCS)",신규상장,주권,"전동기, 발전기 및 전기 변환 · 공급 · 제어 장치 제조업",대한민국,14514.0,500.0,16400.0,3686835.0,6639.0,100.0,7135.0,114.9,4433.0,33.5,7935.0,139.0,7560.0,127.7,9700.0,192.2,2022,37374928.0,2967924.0,539014.0
코스닥 상장추진,모아데이타,288980,2022-01-25,2022-02-21,2022-02-25,2022-03-03,2022-03-10,2022-03-10,하나증권주식회사,인공지능 기반 ICT 시스템 이상탐지 및 예측 솔루션,신규상장,주권,소프트웨어 개발 및 공급업,대한민국,16000.0,500.0,20000.0,5361072.0,3001.0,-10.0,2676.0,-19.8,2476.0,-25.7,2092.0,-37.3,2185.0,-34.5,5210.0,56.2,2022,19642516.0,2709732.0,1083407.0
코스닥 상장추진,비씨엔씨,146320,2022-01-20,2022-02-16,2022-02-21,2022-02-24,2022-03-03,2022-03-03,엔에이치투자증권주식회사,반도체용 합성쿼츠 포커스링,신규상장,주권,반도체 제조업,대한민국,32500.0,500.0,13000.0,12367923.0,26000.0,100.0,22600.0,73.8,20150.0,55.0,20900.0,60.8,19250.0,48.1,16010.0,23.2,2022,62541798.0,8711955.0,7197317.0
코스닥 상장추진,노을,376930,2022-01-19,2022-02-15,2022-02-21,2022-02-24,2022-03-03,2022-03-03,"한국투자증권㈜,삼성증권㈜",융복합 체외진단 플랫폼,신규상장,주권,의료용 기기 제조업,대한민국,15000.0,500.0,10000.0,10425050.0,9670.0,-3.3,9210.0,-7.9,7570.0,-24.3,6360.0,-36.4,6980.0,-30.2,7200.0,-28.0,2022,1475309.0,-11423071.0,-12315478.0
코스닥 상장추진,풍원정밀,371950,2022-01-11,2022-02-10,2022-02-17,2022-02-22,2022-02-28,2022-02-28,대신증권㈜,OLED 증착용 Metal Mask,신규상장,주권,전자부품 제조업,대한민국,45600.0,500.0,15200.0,21040488.0,20200.0,32.9,21450.0,41.1,17400.0,14.5,19000.0,25.0,17550.0,15.5,10260.0,-32.5,2022,39431184.0,3064765.0,2844609.0
코스닥 상장추진,퓨런티어,370090,2022-01-07,2022-02-07,2022-02-14,2022-02-17,2022-02-23,2022-02-23,"신한투자증권 주식회사,유안타증권㈜","전장카메라모듈장비, 모바일카메라모듈장비, PC및 광원",신규상장,주권,"측정, 시험, 항해, 제어 및 기타 정밀기기 제조업; 광학기기 제외",대한민국,24000.0,500.0,15000.0,7965980.0,30000.0,100.0,31200.0,108.0,20600.0,37.3,21900.0,46.0,26550.0,77.0,21350.0,42.3,2022,22171956.0,1219720.0,2641796.0
코스닥 상장추진,스톤브릿지벤처스,330730,2022-01-07,2022-02-09,2022-02-15,2022-02-18,2022-02-25,2022-02-25,"KB증권㈜,삼성증권㈜","창업투자, 사모투자",신규상장,주권,기타 금융업,대한민국,32400.0,500.0,8000.0,17878830.0,7200.0,-10.0,6510.0,-18.6,7020.0,-12.3,6670.0,-16.6,6100.0,-23.8,5550.0,-30.6,2022,42411460.0,0.0,22377888.0
코스닥 상장추진,브이씨,365900,2022-01-07,2022-02-10,2022-02-15,2022-02-18,2022-02-24,2022-02-24,한국투자증권㈜,골프용 거리측정기,신규상장,주권,운동 및 경기용구 제조업,대한민국,15000.0,500.0,15000.0,6987800.0,17400.0,16.0,15350.0,2.3,12150.0,-19.0,12550.0,-16.3,10800.0,-28.0,7840.0,-47.7,2022,48096362.0,7554590.0,6412164.0
코스닥 상장추진,바이오에프디엔씨,251120,2021-12-29,2022-01-24,2022-02-09,2022-02-14,2022-02-21,2022-02-21,DB금융투자주식회사,식물세포 유래 유효물질 및 약리물질,신규상장,주권,기초 의약물질 및 생물학적 제제 제조업,대한민국,36400.0,500.0,28000.0,8695700.0,25200.0,-10.0,22200.0,-20.7,19350.0,-30.9,22650.0,-19.1,24050.0,-14.1,18040.0,-35.6,2021,8639743.0,2924747.0,2461424.0
코스닥 상장추진,아셈스,136410,2021-12-24,2022-01-17,2022-01-24,2022-01-27,2022-02-07,2022-02-07,한국투자증권㈜,핫멜트 접착 필름,신규상장,주권,플라스틱제품 제조업,대한민국,16000.0,500.0,8000.0,11019106.0,16000.0,0.0,13500.0,0.0,11200.0,0.0,16100.0,0.0,15050.0,0.0,12310.0,0.0,2021,25756511.0,2960156.0,-183676.0
코스닥 상장추진,이지트로닉스,377330,2021-12-22,2022-01-13,2022-01-20,2022-01-25,2022-02-04,2022-02-04,엔에이치투자증권주식회사,전력변환장치,신규상장,주권,"전동기, 발전기 및 전기 변환 · 공급 · 제어 장치 제조업",대한민국,43560.0,500.0,22000.0,7965454.0,23450.0,6.6,25500.0,15.9,17200.0,-21.8,20900.0,-5.0,14700.0,-33.2,10800.0,-50.9,2021,15348581.0,2829540.0,3552098.0
코스닥 상장추진,스코넥,276040,2021-12-20,2022-01-13,2022-01-20,2022-01-25,2022-02-04,2022-02-04,신영증권㈜,"XR 교육/훈련 시스템, VR 게임 콘텐츠 등",신규상장,주권,소프트웨어 개발 및 공급업,대한민국,28942.0,500.0,13000.0,12072009.0,26000.0,100.0,24450.0,88.1,22050.0,69.6,16200.0,24.6,12700.0,-2.3,14250.0,9.6,2021,4558263.0,-5437105.0,-8971051.0
코스닥 상장추진,나래나노텍,137080,2021-12-17,2022-01-17,2022-01-24,2022-01-27,2022-02-08,2022-02-08,미래에셋증권 주식회사,"디스플레이 장비 (포토, 코팅, 모듈 장비)",신규상장,주권,특수 목적용 기계 제조업,대한민국,54250.0,500.0,17500.0,11059422.0,15750.0,-10.0,13900.0,-20.6,12800.0,-26.9,12300.0,-29.7,9440.0,-46.1,7800.0,-55.4,2021,82804670.0,5659900.0,2272633.0
코스닥 상장추진,케이옥션,102370,2021-12-14,2022-01-06,2022-01-12,2022-01-17,2022-01-24,2022-01-24,신영증권㈜,미술품 경매 및 판매,신규상장,주권,상품 중개업,대한민국,32000.0,500.0,20000.0,8909420.0,13339.0,100.0,17340.0,160.0,8170.0,22.5,9621.0,44.3,10300.0,54.4,4685.0,-29.8,2021,22885348.0,455273.0,-2821429.0
유가증권 상장추진,LG에너지솔루션,373220,2021-12-07,2022-01-11,2022-01-18,2022-01-21,2022-01-27,2022-01-27,"KB증권㈜,모건스탠리 인터내셔날증권회사 서울지점","2차전지 (소형,ESS,자동차전지)",신규상장,주권,일차전지 및 축전지 제조업,대한민국,12750000.0,500.0,300000.0,234000000.0,597000.0,99.0,505000.0,68.3,412000.0,37.3,418000.0,39.3,391000.0,30.3,458000.0,52.7,2021,632954000.0,-509130000.0,-377980000.0
코스닥 상장추진,오토앤,353590,2021-11-16,2022-01-05,2022-01-11,2022-01-14,2022-01-20,2022-01-20,미래에셋증권 주식회사,자동차 지급품 및 애프터마켓 제품,신규상장,주권,자동차 부품 및 내장품 판매업,대한민국,15251.0,500.0,5300.0,12875570.0,8800.0,66.0,11400.0,115.1,15350.0,189.6,18500.0,249.1,11950.0,125.5,11200.0,111.3,2021,49437277.0,4753860.0,3444453.0
코스닥 상장추진,알비더블유,361570,2021-10-14,2021-11-05,2021-11-11,2021-11-16,2021-11-22,2021-11-22,미래에셋증권 주식회사,음반 및 음원 등(콘텐츠),신규상장,주권,오디오물 출판 및 원판 녹음업,대한민국,26814.0,500.0,21400.0,7930590.0,42800.0,100.0,38950.0,82.0,27950.0,30.6,19000.0,-11.2,17200.0,-19.6,12500.0,-41.6,2021,35406268.0,8731949.0,4508116.0
코스닥 상장추진,피코그램,376180,2021-10-08,2021-10-19,2021-10-25,2021-10-28,2021-11-03,2021-11-03,IBK투자증권㈜,"정수기, 정수기 필터",신규상장,주권,그외 기타 제품 제조업,대한민국,12500.0,100.0,12500.0,3061578.0,4276.0,100.0,3181.0,48.8,2335.0,9.2,2839.0,32.8,3173.0,48.4,7140.0,234.0,2021,24411827.0,3185314.0,2169333.0
코스닥 상장추진,트윔,290090,2021-10-08,2021-11-02,2021-11-08,2021-11-11,2021-11-17,2021-11-17,대신증권㈜,AI 기반 스마트팩토리 검사 소프트웨어 및 설비,신규상장,주권,소프트웨어 개발 및 공급업,대한민국,26840.0,500.0,22000.0,7254894.0,44000.0,100.0,41100.0,86.8,30000.0,36.4,20200.0,-8.2,17350.0,-21.1,13800.0,-37.3,2021,18259561.0,2590572.0,2910158.0
코스닥 상장추진,지오엘리먼트,311320,2021-10-05,2021-10-28,2021-11-02,2021-11-05,2021-11-11,2021-11-11,엔에이치투자증권주식회사,"센서, 캐니스터",신규상장,주권,전자부품 제조업,대한민국,15470.0,500.0,10000.0,6193410.0,10022.0,100.0,7968.0,59.0,22675.0,352.5,12277.0,145.0,11024.0,120.0,12202.0,143.5,2021,13179767.0,2873815.0,2456821.0
코스닥 상장추진,아이티아이즈,372800,2021-09-29,2021-10-25,2021-11-01,2021-11-04,2021-11-11,2021-11-11,신한투자증권 주식회사,"디지털금융솔루션 제공 및 AI, Big Data 서비스, 클라우드 통합 플랫폼 (GURMWI)",신규상장,주권,소프트웨어 개발 및 공급업,대한민국,25411.0,500.0,14300.0,5776980.0,28600.0,100.0,20050.0,40.2,27650.0,93.4,17500.0,22.4,13400.0,-6.3,8700.0,-39.2,2021,51313533.0,2858893.0,3015119.0
코스닥 상장추진,디어유,376300,2021-09-28,2021-10-25,2021-11-01,2021-11-04,2021-11-10,2021-11-10,한국투자증권㈜,"모바일 어플리케이션(DearU bubble, Lysn)",신규상장,주권,소프트웨어 개발 및 공급업,대한민국,85800.0,500.0,26000.0,20151230.0,52000.0,100.0,66500.0,155.8,70800.0,172.3,54300.0,108.8,45150.0,73.7,25900.0,-0.4,2021,13047733.0,-454001.0,-2249957.0
유가증권 상장추진,카카오페이,377300,2021-09-24,2021-10-20,2021-10-25,2021-10-28,2021-11-03,2021-11-03,"삼성증권㈜,골드만삭스증권 서울지점,제이피모간증권회사 서울지점","간편결제, 간편송금 및 기타 금융서비스",신규상장,주권,금융 지원 서비스업,대한민국,1530000.0,500.0,90000.0,130367125.0,180000.0,100.0,193000.0,114.4,218000.0,142.2,137000.0,52.2,113500.0,26.1,35800.0,-60.2,2021,245556235.0,-5545385.0,-17217531.0
코스닥 상장추진,지니너스,389030,2021-09-23,2021-10-21,2021-10-27,2021-11-01,2021-11-08,2021-11-08,대신증권㈜,"NGS기반 조직생검 암유전체 동반진단(CancerSCAN), 액체생검 암유전체 동반진단(LiquidSCAN), 단일세포분석(Celinus) 등",신규상장,주권,자연과학 및 공학 연구개발업,대한민국,40000.0,500.0,20000.0,10869315.0,6005.0,-10.0,4470.0,-33.0,4220.0,-36.7,3636.0,-45.5,3670.0,-45.0,2430.0,-63.6,2021,3794450.0,-3765002.0,-9151647.0
코스닥 상장추진,엔켐,348370,2021-09-16,2021-10-15,2021-10-21,2021-10-26,2021-11-01,2021-11-01,"신한투자증권 주식회사,대신증권㈜",2차전지 전해액,신규상장,주권,기초 화학물질 제조업,대한민국,95030.0,500.0,42000.0,15107973.0,81600.0,94.3,80000.0,90.5,105900.0,152.1,103000.0,145.2,87000.0,107.1,72100.0,71.7,2021,137185577.0,14663596.0,-2336941.0
코스닥 상장추진,아이패밀리에스씨,114840,2021-09-10,2021-10-12,2021-10-18,2021-10-21,2021-10-28,2021-10-28,삼성증권㈜,"색조화장품 브랜드 `롬앤(Rom&nd)', IT기반 웨딩서비스 브랜드 `아이웨딩`",신규상장,주권,기타 화학제품 제조업,대한민국,20480.0,500.0,25000.0,4120276.0,14325.0,14.6,12700.0,1.6,9875.0,-21.0,8725.0,-30.2,16700.0,33.6,9540.0,-23.7,2021,79218233.0,11628192.0,8747100.0
코스닥 상장추진,지아이텍,382480,2021-09-06,2021-10-05,2021-10-12,2021-10-15,2021-10-21,2021-10-21,미래에셋증권 주식회사,"SLOT DIE, SLIT NOZZLE, REPAIR, 기타",신규상장,주권,특수 목적용 기계 제조업,대한민국,37800.0,500.0,14000.0,7871428.0,5600.0,100.0,7280.0,160.0,5110.0,82.5,5230.0,86.8,3680.0,31.4,3240.0,15.7,2021,17189215.0,5289148.0,4164688.0
코스닥 상장추진,비트나인,357880,2021-09-03,2021-10-25,2021-11-01,2021-11-04,2021-11-10,2021-11-10,하나증권주식회사,"그래프데이터베이스, 그래프분석서비스",신규상장,주권,소프트웨어 개발 및 공급업,대한민국,22781.0,500.0,11000.0,10353956.0,15250.0,38.6,11400.0,3.6,13700.0,24.5,16700.0,51.8,14500.0,31.8,6730.0,-38.8,2021,10986327.0,-724567.0,-10083146.0
유가증권 상장추진,케이카,381970,2021-08-30,2021-09-27,2021-09-30,2021-10-06,2021-10-13,2021-10-13,"엔에이치투자증권주식회사,골드만삭스증권 서울지점",오프라인 및 온라인 중고차 매매업,신규상장,주권,자동차 판매업,대한민국,336606.0,500.0,25000.0,48086533.0,22500.0,-10.0,23000.0,-8.0,25050.0,0.2,30700.0,22.8,33300.0,33.2,15050.0,-39.8,2021,1323113771.0,37698382.0,24129650.0
코스닥 상장추진,씨유테크,376290,2021-08-27,2021-09-23,2021-09-28,2021-10-01,2021-10-08,2021-10-08,대신증권㈜,"휴대폰, 전장 등 실장부품",신규상장,주권,전자부품 제조업,대한민국,31500.0,500.0,6000.0,17657500.0,12000.0,100.0,8400.0,40.0,6880.0,14.7,7280.0,21.3,7890.0,31.5,4280.0,-28.7,2021,18916184.0,945272.0,6114294.0
코스닥 상장추진,아스플로,159010,2021-08-25,2021-09-16,2021-09-27,2021-09-30,2021-10-07,2021-10-07,미래에셋증권 주식회사,"강관, 피팅, 밸브류 등",신규상장,주권,일반 목적용 기계 제조업,대한민국,15750.0,500.0,25000.0,4444913.0,12005.0,44.0,9454.0,13.4,8187.0,-1.8,7937.0,-4.8,7286.0,-12.6,7350.0,-11.8,2021,44784379.0,4852731.0,6964480.0
코스닥 상장추진,원준,382840,2021-08-24,2021-09-15,2021-09-27,2021-09-30,2021-10-07,2021-10-07,엔에이치투자증권주식회사,2차전지용 열처리 장비,신규상장,주권,특수 목적용 기계 제조업,대한민국,65312.0,100.0,65000.0,5020191.0,34029.0,56.9,29024.0,33.8,32594.0,50.3,33595.0,54.9,34863.0,60.8,23100.0,6.5,2021,28986104.0,6025430.0,3395968.0
코스닥 상장추진,프롬바이오,377220,2021-08-19,2021-09-09,2021-09-14,2021-09-17,2021-09-28,2021-09-28,엔에이치투자증권주식회사,개별인정형 건강기능식품,신규상장,주권,기타 식품 제조업,대한민국,43200.0,100.0,18000.0,13835000.0,19250.0,6.9,19850.0,10.3,14300.0,-20.6,10400.0,-42.2,9170.0,-49.1,7140.0,-60.3,2021,108044581.0,21052533.0,-7812780.0
코스닥 상장추진,실리콘투,257720,2021-08-18,2021-09-09,2021-09-14,2021-09-17,2021-09-29,2021-09-29,"미래에셋증권 주식회사,삼성증권㈜",화장품 유통,신규상장,주권,상품 종합 도매업,대한민국,44989.0,500.0,27200.0,10024764.0,6417.0,41.6,4833.0,6.6,3392.0,-25.2,3233.0,-28.7,2967.0,-34.5,2215.0,-51.1,2021,93491685.0,7154146.0,4632237.0
코스닥 상장추진,바이오플러스,099430,2021-08-17,2021-09-08,2021-09-13,2021-09-16,2021-09-27,2021-09-27,키움증권㈜,"생체재료 개질 기술을 사용한 히알루론산(HA) 기반 더말필러, 유착방지제 및 그 응용제품",신규상장,주권,기초 의약물질 및 생물학적 제제 제조업,대한민국,44100.0,500.0,31500.0,13910746.0,9885.0,25.4,8121.0,3.0,6294.0,-20.2,6569.0,-16.7,6744.0,-14.5,8459.0,7.3,2021,24220106.0,9840331.0,7824661.0
코스닥 상장추진,차백신연구소,261780,2021-08-09,2021-10-05,2021-10-12,2021-10-15,2021-10-22,2021-10-22,삼성증권㈜,백신 및 면역증강제 등,신규상장,주권,자연과학 및 공학 연구개발업,대한민국,43450.0,500.0,11000.0,26429162.0,11700.0,6.4,13000.0,18.2,10150.0,-7.7,11000.0,0.0,7580.0,-31.1,4775.0,-56.6,2021,77796.0,-4234422.0,-6240340.0
코스닥 상장추진,와이엠텍,273640,2021-08-02,2021-08-25,2021-08-31,2021-09-03,2021-09-10,2021-09-10,KB증권㈜,계전기(EV Relay),신규상장,주권,"전동기, 발전기 및 전기 변환 · 공급 · 제어 장치 제조업",대한민국,16800.0,500.0,28000.0,5393000.0,28038.0,100.0,29540.0,110.7,18250.0,30.2,18149.0,29.5,16072.0,14.6,20800.0,48.4,2021,17036669.0,4477420.0,3865988.0
코스닥 상장추진,바이젠셀,308080,2021-07-15,2021-08-06,2021-08-12,2021-08-18,2021-08-25,2021-08-25,"대신증권㈜,KB증권㈜","면역세포치료제 (면역항암제, 면역조절치료제 등)",신규상장,주권,자연과학 및 공학 연구개발업,대한민국,99417.0,500.0,52700.0,9432400.0,36826.0,39.5,29812.0,12.9,21469.0,-18.7,17461.0,-33.9,12376.0,-53.1,9780.0,-63.0,2021,0.0,-7912700.0,-10454734.0
유가증권 상장추진,롯데렌탈,089860,2021-07-12,2021-08-03,2021-08-09,2021-08-12,2021-08-19,2021-08-19,"한국투자증권㈜,엔에이치투자증권주식회사","렌터카, 카셰어링(그린카), 중고차매매, 일반렌탈(측정기,OA, 리프트 등)",신규상장,주권,운송장비 임대업,대한민국,850898.0,5000.0,59000.0,36634063.0,57500.0,-2.5,55500.0,-5.9,46250.0,-21.6,39200.0,-33.6,32350.0,-45.2,38700.0,-34.4,2021,2075911713.0,145335864.0,20006700.0
유가증권 상장추진,일진하이솔루스,271940,2021-07-09,2021-08-19,2021-08-24,2021-08-27,2021-09-01,2021-09-01,"미래에셋증권 주식회사,삼성증권㈜","수소승용용기, 매연저감장치 등",신규상장,주권,그외 기타 운송장비 제조업,대한민국,373664.0,500.0,34300.0,36313190.0,68600.0,100.0,89100.0,159.8,68900.0,100.9,58100.0,69.4,40850.0,19.1,33450.0,-2.5,2021,113524940.0,15074663.0,15578870.0
유가증권 상장추진,아주스틸,139990,2021-07-07,2021-08-02,2021-08-09,2021-08-12,2021-08-20,2021-08-20,미래에셋증권 주식회사,"프리미엄 가전용 고품질 컬러강판, 건자재 등",신규상장,주권,1차 철강 제조업,대한민국,104756.0,500.0,15100.0,26452189.0,30200.0,100.0,33500.0,121.9,23050.0,52.6,18150.0,20.2,15800.0,4.6,11400.0,-24.5,2021,326861772.0,18558194.0,14096616.0
유가증권 상장추진,크래프톤,259960,2021-07-01,2021-07-14,2021-08-02,2021-08-05,2021-08-10,2021-08-10,미래에셋증권 주식회사,등 게임 소프트웨어,신규상장,주권,소프트웨어 개발 및 공급업,대한민국,4309807.0,100.0,498000.0,48898070.0,448500.0,-9.9,454000.0,-8.8,464500.0,-6.7,465500.0,-6.5,305000.0,-38.8,243000.0,-51.2,2021,95437031.0,-129011890.0,5151508.0
유가증권 상장추진,한컴라이프케어,372910,2021-06-30,2021-07-29,2021-08-05,2021-08-10,2021-08-17,2021-08-17,미래에셋증권 주식회사,"공기호흡기, 방독면, 보호복 등",신규상장,주권,의료용 기기 제조업,대한민국,113742.0,200.0,13700.0,27674406.0,16050.0,17.2,12800.0,-6.6,10000.0,-27.0,7690.0,-43.9,7030.0,-48.7,5620.0,-59.0,2021,136299360.0,22764839.0,15407797.0
코스닥 상장추진,HK이노엔,195940,2021-06-30,2021-07-22,2021-07-29,2021-08-03,2021-08-09,2021-08-09,"한국투자증권㈜,제이피모간증권회사 서울지점,삼성증권㈜","전문의약품, 숙취해소음료",신규상장,주권,의약품 제조업,대한민국,596903.0,500.0,59000.0,28904499.0,68100.0,15.4,68500.0,16.1,64100.0,8.6,51900.0,-12.0,41800.0,-29.2,43750.0,-25.8,2021,515289077.0,123731231.0,67060973.0
유가증권 상장추진,카카오뱅크,323410,2021-06-28,2021-07-20,2021-07-26,2021-07-29,2021-08-06,2021-08-06,"KB증권㈜,CS증권 서울지점",은행 및 금융서비스,신규상장,주권,은행 및 저축기관,대한민국,2552550.0,5000.0,39000.0,475100237.0,53700.0,37.7,69800.0,79.0,80800.0,107.2,57200.0,46.7,41350.0,6.0,30050.0,-22.9,2021,0.0,122551247.0,0.0
코스닥 상장추진,원티드랩,376980,2021-06-23,2021-07-26,2021-08-02,2021-08-05,2021-08-11,2021-08-11,한국투자증권㈜,채용 플랫폼,신규상장,주권,소프트웨어 개발 및 공급업,대한민국,25550.0,500.0,35000.0,4703068.0,35000.0,100.0,45500.0,160.0,39400.0,125.1,39900.0,128.0,30750.0,75.7,25600.0,46.3,2021,14648005.0,-4921983.0,-9174016.0
코스닥 상장추진,플래티어,367000,2021-06-18,2021-07-30,2021-08-04,2021-08-09,2021-08-12,2021-08-12,KB증권㈜,E-Commerce Platform 구축,신규상장,주권,소프트웨어 개발 및 공급업,대한민국,19800.0,500.0,11000.0,8269707.0,22000.0,100.0,28600.0,160.0,26700.0,142.7,17900.0,62.7,17200.0,56.4,12900.0,17.3,2021,39376204.0,3636765.0,2684637.0
코스닥 상장추진,브레인즈컴퍼니,099390,2021-06-18,2021-08-03,2021-08-09,2021-08-12,2021-08-19,2021-08-19,키움증권㈜,IT 인프라 통합관리 솔루션,신규상장,주권,소프트웨어 개발 및 공급업,대한민국,15000.0,500.0,25000.0,4108796.0,25197.0,100.0,32756.0,160.0,17789.0,41.2,15521.0,23.2,12246.0,-2.8,9060.0,-28.1,2021,14829409.0,3853416.0,3734319.0
코스닥 상장추진,딥노이드,315640,2021-06-18,2021-08-02,2021-08-05,2021-08-10,2021-08-17,2021-08-17,KB증권㈜,"의료 인공지능플랫폼, 인공지능 임상의사결정 시스템",신규상장,주권,소프트웨어 개발 및 공급업,대한민국,12600.0,500.0,42000.0,4290997.0,36000.0,71.4,25200.0,20.0,20125.0,-4.2,19775.0,-5.8,13800.0,-34.3,9040.0,-57.0,2021,1039945.0,-5008774.0,-13599885.0
코스닥 상장추진,큐라클,365270,2021-06-15,2021-07-07,2021-07-13,2021-07-16,2021-07-22,2021-07-22,삼성증권㈜,혈관질환치료제 등,신규상장,주권,자연과학 및 공학 연구개발업,대한민국,53333.0,500.0,25000.0,13355968.0,36500.0,46.0,30650.0,22.6,49750.0,99.0,39000.0,56.0,20100.0,-19.6,19200.0,-23.2,2021,0.0,-7852987.0,-28609794.0
유가증권 상장추진,에스디바이오센서,137310,2021-06-11,2021-07-05,2021-07-08,2021-07-13,2021-07-16,2021-07-16,"한국투자증권㈜,엔에이치투자증권주식회사",STANDARD Q 항원/항체 진단키트(COVID-19 진단키트),신규상장,주권,의료용 기기 제조업,대한민국,776381.0,500.0,52000.0,103271353.0,57000.0,9.6,61000.0,17.3,61200.0,17.7,46250.0,-11.1,55700.0,7.1,44200.0,-15.0,2021,1477922065.0,706835481.0,585721360.0
코스닥 상장추진,맥스트,377030,2021-05-27,2021-07-12,2021-07-16,2021-07-21,2021-07-27,2021-07-27,하나증권주식회사,AR 개발 플랫폼/AR솔루션,신규상장,주권,소프트웨어 개발 및 공급업,대한민국,15000.0,500.0,15000.0,8533491.0,14670.0,100.0,19070.0,160.0,32713.0,346.0,33349.0,354.7,26258.0,258.0,18700.0,155.0,2021,1982672.0,-2515364.0,-8920975.0
코스닥 상장추진,오비고,352910,2021-05-13,2021-06-28,2021-07-01,2021-07-06,2021-07-13,2021-07-13,엔에이치투자증권주식회사,스마트카 소프트웨어 플랫폼,신규상장,주권,"컴퓨터 프로그래밍, 시스템 통합 및 관리업",대한민국,34792.0,500.0,14300.0,11283858.0,19200.0,34.3,20700.0,44.8,25400.0,77.6,15700.0,9.8,20800.0,45.5,10450.0,-26.9,2021,11618381.0,-965941.0,-3892346.0
코스닥 상장추진,이노뎁,303530,2021-05-07,2021-06-03,2021-06-09,2021-06-14,2021-06-18,2021-06-18,하이투자증권㈜,영상인식 및 데이터플랫폼 솔루션,신규상장,주권,소프트웨어 개발 및 공급업,대한민국,18900.0,500.0,18000.0,6950135.0,22200.0,0.0,18050.0,0.0,15750.0,0.0,18750.0,0.0,25500.0,0.0,18050.0,0.0,2021,66729680.0,5637415.0,5078315.0
코스닥 상장추진,리파인,377450,2021-04-23,2021-10-14,2021-10-20,2021-10-25,2021-10-29,2021-10-29,KB증권㈜,권리조사,신규상장,주권,기타 정보 서비스업,대한민국,90930.0,100.0,21000.0,17330000.0,18900.0,-10.0,14300.0,-31.9,16600.0,-21.0,13100.0,-37.6,13800.0,-34.3,7930.0,-62.2,2021,54163513.0,20232921.0,16037587.0
코스닥 상장추진,에이디엠코리아,187660,2021-04-16,2021-05-17,2021-05-25,2021-05-28,2021-06-03,2021-06-03,하나증권주식회사,임상 CRO 서비스,신규상장,주권,자연과학 및 공학 연구개발업,대한민국,17100.0,100.0,3800.0,21836250.0,7600.0,100.0,9880.0,160.0,6490.0,70.8,5840.0,53.7,4420.0,16.3,4135.0,8.8,2021,13111663.0,3984162.0,3997252.0
코스닥 상장추진,진시스템,363250,2021-04-13,2021-05-06,2021-05-13,2021-05-18,2021-05-26,2021-05-26,삼성증권㈜,분자진단기반 플랫폼 개발 및 제조·판매,신규상장,주권,의료용 기기 제조업,대한민국,28500.0,500.0,20000.0,6811080.0,19100.0,-4.5,17400.0,-13.0,14950.0,-25.3,14650.0,-26.8,11050.0,-44.8,10250.0,-48.8,2021,13258238.0,3309482.0,-2224057.0
코스닥 상장추진,샘씨엔에스,252990,2021-04-12,2021-05-03,2021-05-10,2021-05-13,2021-05-20,2021-05-20,대신증권㈜,세라믹 STF(다층 세라믹 기판),신규상장,주권,전자부품 제조업,대한민국,78000.0,500.0,6500.0,50153846.0,6400.0,-1.5,8320.0,28.0,6890.0,6.0,8760.0,34.8,6060.0,-6.8,6280.0,-3.4,2021,35942187.0,7806361.0,6034564.0
코스닥 상장추진,씨앤씨인터내셔널,352480,2021-04-06,2021-04-28,2021-05-06,2021-05-11,2021-05-17,2021-05-17,엔에이치투자증권주식회사,색조 화장품,신규상장,주권,기타 화학제품 제조업,대한민국,70300.0,100.0,47500.0,5909052.0,31536.0,-0.5,27465.0,-13.4,30201.0,-4.7,27999.0,-11.7,22100.0,-30.3,23200.0,-26.8,2021,86293203.0,15433728.0,9807618.0
코스닥 상장추진,제주맥주,276730,2021-03-31,2021-05-11,2021-05-13,2021-05-18,2021-05-26,2021-05-26,대신증권㈜,맥주,신규상장,주권,알코올음료 제조업,대한민국,26758.0,500.0,3200.0,55995890.0,4780.0,49.4,4900.0,53.1,4365.0,36.4,3400.0,6.3,2745.0,-14.2,2490.0,-22.2,2021,21525592.0,-4347327.0,-11428251.0
유가증권 상장추진,SK아이이테크놀로지,361610,2021-03-31,2021-04-22,2021-04-28,2021-05-03,2021-05-11,2021-05-11,"미래에셋증권 주식회사,제이피모간증권회사 서울지점",2차전지용 습식 분리막 및 폴더블 커버 윈도우,신규상장,주권,일차전지 및 축전지 제조업,대한민국,2245950.0,1000.0,105000.0,71297592.0,210000.0,100.0,154500.0,47.1,143000.0,36.2,211000.0,101.0,155000.0,47.6,126000.0,20.0,2021,460271672.0,137335029.0,90729130.0
코스닥 상장추진,삼영에스앤씨,361670,2021-03-23,2021-05-06,2021-05-11,2021-05-14,2021-05-21,2021-05-21,미래에셋증권 주식회사,"칩형 온습도센서, 상대습도센서, 미세먼지센서, 공기질 통합센서 노드 및 트랜스미터",신규상장,주권,전자부품 제조업,대한민국,12155.0,500.0,11000.0,5557158.0,22000.0,100.0,28600.0,160.0,13950.0,26.8,17450.0,58.6,11900.0,8.2,8740.0,-20.5,2021,13557858.0,182225.0,1258838.0
코스닥 상장추진,쿠콘,294570,2021-03-22,2021-04-13,2021-04-19,2021-04-22,2021-04-28,2021-04-28,"삼성증권㈜,하나증권주식회사","페이먼트서비스(65.2%), 데이터서비스(29.1%) 등",신규상장,주권,기타 정보 서비스업,대한민국,72554.0,500.0,45000.0,7945838.0,64034.0,77.8,52428.0,45.6,49707.0,38.0,52988.0,47.1,66515.0,84.7,51200.0,42.1,2021,49373922.0,11001159.0,18639504.0
코스닥 상장추진,이삭엔지니어링,351330,2021-03-15,2021-04-05,2021-04-12,2021-04-15,2021-04-21,2021-04-21,신한투자증권 주식회사,공장자동화 설비제어,신규상장,주권,"컴퓨터 프로그래밍, 시스템 통합 및 관리업",대한민국,24150.0,500.0,11500.0,7803000.0,23000.0,100.0,26150.0,127.4,17000.0,47.8,16600.0,44.3,12900.0,12.2,12100.0,5.2,2021,44386005.0,4755179.0,4186991.0
코스닥 상장추진,에이치피오,357230,2021-03-12,2021-04-27,2021-05-03,2021-05-07,2021-05-14,2021-05-14,대신증권㈜,"건강기능식품(유산균, 비타민 등)",신규상장,주권,기타 식품 제조업,대한민국,88525.0,500.0,22200.0,19938160.0,19256.0,0.0,16127.0,0.0,16368.0,0.0,18197.0,0.0,14153.0,0.0,12661.0,0.0,2021,103795726.0,19904623.0,16448621.0
코스닥 상장추진,아모센스,357580,2021-03-03,2021-06-10,2021-06-15,2021-06-18,2021-06-25,2021-06-25,신한투자증권 주식회사,무선충전 차폐시트,신규상장,주권,전자부품 제조업,대한민국,34470.0,500.0,12400.0,11200076.0,12250.0,-1.2,15900.0,28.2,13650.0,10.1,23700.0,91.1,16350.0,31.9,14850.0,19.8,2021,43612305.0,-10221727.0,-16756652.0
코스닥 상장추진,해성티피씨,059270,2021-02-22,2021-04-06,2021-04-12,2021-04-15,2021-04-21,2021-04-21,한국투자증권㈜,기어 및 동력전달장치,신규상장,주권,기타 금속 가공제품 제조업,대한민국,13000.0,500.0,13000.0,4630000.0,13000.0,100.0,16900.0,160.0,10400.0,60.0,9600.0,47.7,10400.0,60.0,8550.0,31.5,2021,16734359.0,-347489.0,-861191.0
코스닥 상장추진,엔시스,333620,2021-02-19,2021-03-16,2021-03-22,2021-03-25,2021-04-01,2021-04-01,미래에셋증권 주식회사,2차전지 머신비전 검사장비,신규상장,주권,기타 전기장비 제조업,대한민국,43700.0,100.0,19000.0,10402631.0,38000.0,100.0,31400.0,65.3,24950.0,31.3,19650.0,3.4,23200.0,22.1,19600.0,3.2,2021,36387319.0,7415409.0,3572753.0
코스닥 상장추진,제노코,361390,2021-02-10,2021-03-09,2021-03-15,2021-03-18,2021-03-24,2021-03-24,DB금융투자주식회사,"위성탑재체, 위성운용국, 항공전자 등",신규상장,주권,통신 및 방송 장비 제조업,대한민국,17640.0,500.0,36000.0,2442140.0,21682.0,80.6,26719.0,122.5,18680.0,55.6,15444.0,28.6,21582.0,79.7,25900.0,115.7,2021,34089086.0,2498825.0,1690996.0
유가증권 상장추진,SK바이오사이언스,302440,2021-02-05,2021-03-04,2021-03-09,2021-03-12,2021-03-18,2021-03-18,엔에이치투자증권주식회사,백신 제품 및 제제,신규상장,주권,기초 의약물질 및 생물학적 제제 제조업,대한민국,1491750.0,500.0,65000.0,76500000.0,130000.0,100.0,169000.0,160.0,135500.0,108.5,157000.0,141.5,308000.0,373.8,147000.0,126.2,2021,225610785.0,37710447.0,32889712.0
코스닥 상장추진,싸이버원,356890,2021-01-29,2021-02-24,2021-03-02,2021-03-05,2021-03-11,2021-03-11,키움증권㈜,보안관제 및 보안컨설팅 등,신규상장,주권,소프트웨어 개발 및 공급업,대한민국,12930.0,500.0,9500.0,4640830.0,18000.0,0.0,21200.0,0.0,18200.0,0.0,16150.0,0.0,13800.0,0.0,12500.0,0.0,2021,20600081.0,2179757.0,1967675.0
코스닥 상장추진,프레스티지바이오로직스,334970,2021-01-26,2021-02-23,2021-03-02,2021-03-05,2021-03-11,2021-03-11,"미래에셋증권 주식회사,유안타증권㈜",바이오시밀러 제조,신규상장,주권,의약품 제조업,대한민국,91140.0,500.0,12400.0,42851915.0,12100.0,-2.4,14300.0,15.3,12900.0,4.0,14150.0,14.1,14650.0,18.1,7290.0,-41.2,2021,0.0,-22601458.0,-31033281.0
코스닥 상장추진,바이오다인,314930,2021-01-19,2021-03-02,2021-03-08,2021-03-11,2021-03-17,2021-03-17,대신증권㈜,액상세포검사 장비 및 소모품,신규상장,주권,의료용 기기 제조업,대한민국,30000.0,500.0,30000.0,5918200.0,40000.0,33.3,42600.0,42.0,57100.0,90.3,45000.0,50.0,42100.0,40.3,28900.0,-3.7,2021,3670995.0,-1826340.0,-4454433.0
코스닥 상장추진,라이프시맨틱스,347700,2021-01-19,2021-03-08,2021-03-11,2021-03-16,2021-03-23,2021-03-23,한국투자증권㈜,"소프트웨어(개인건강기록 플랫폼,진료기록번역플랫폼,질병분류기호 검색) 개발,공급/의료기기 도매/자문,컨설팅/전자상거래,통신판매",신규상장,주권,소프트웨어 개발 및 공급업,대한민국,12500.0,500.0,12500.0,9776917.0,25000.0,100.0,17500.0,40.0,13400.0,7.2,11900.0,-4.8,11700.0,-6.4,8290.0,-33.7,2021,2665429.0,-3657770.0,-9308742.0
코스닥 상장추진,자이언트스텝,289220,2021-01-18,2021-03-09,2021-03-15,2021-03-18,2021-03-24,2021-03-24,한국투자증권㈜,"광고VFX, 영상VFX 및 리얼타임 콘텐츠 제작",신규상장,주권,"영화, 비디오물, 방송프로그램 제작 및 배급업",대한민국,15400.0,500.0,11000.0,9427965.0,10709.0,100.0,13921.0,160.0,24192.0,351.8,23997.0,348.2,38259.0,614.6,44000.0,721.8,2021,15535548.0,-1356063.0,-1506711.0
코스닥 상장추진,오로스테크놀로지,322310,2021-01-15,2021-02-08,2021-02-15,2021-02-18,2021-02-24,2021-02-24,키움증권㈜,반도체 Overlay 계측 장비,신규상장,주권,특수 목적용 기계 제조업,대한민국,39900.0,500.0,21000.0,9309542.0,42000.0,100.0,54600.0,160.0,49550.0,136.0,34700.0,65.2,31650.0,50.7,24400.0,16.2,2021,17537288.0,1766326.0,1133601.0
코스닥 상장추진,유일에너테크,340930,2021-01-13,2021-02-04,2021-02-15,2021-02-18,2021-02-25,2021-02-25,신영증권㈜,2차전지 제조장비,신규상장,주권,특수 목적용 기계 제조업,대한민국,38643.0,500.0,16000.0,10590044.0,32000.0,100.0,34500.0,115.6,21750.0,35.9,19500.0,21.9,19650.0,22.8,20200.0,26.3,2021,58978131.0,7718044.0,4765270.0
코스닥 상장추진,네오이뮨텍,950220,2021-01-08,2021-02-23,2021-03-04,2021-03-09,2021-03-16,2021-03-16,"미래에셋증권 주식회사,하나증권주식회사",면역항암제,신규상장,주식예탁증권,자연과학 및 공학 연구개발업,미국,112500.0,0.0,7500.0,98392010.0,15000.0,100.0,14350.0,91.3,11850.0,58.0,11200.0,49.3,9540.0,27.2,7010.0,-6.5,2021,0.0,-30901471.0,-30043942.0
코스닥 상장추진,나노씨엠에스,247660,2021-01-07,2021-02-22,2021-02-25,2021-03-03,2021-03-09,2021-03-09,키움증권㈜,"근적외선 흡수/반사 안료, 자외선 유기형광 안료, 적외선 발광체",신규상장,주권,전자부품 제조업,대한민국,16000.0,500.0,20000.0,3942587.0,33000.0,65.0,23950.0,19.8,18200.0,-9.0,15400.0,-23.0,50500.0,152.5,45100.0,125.5,2021,4236610.0,-240029.0,-2512203.0
코스닥 상장추진,아이퀘스트,262840,2020-12-23,2021-01-20,2021-01-27,2021-02-01,2021-02-05,2021-02-05,미래에셋증권 주식회사,"패키지 ERP, 구축형 ERP 등",신규상장,주권,소프트웨어 개발 및 공급업,대한민국,22000.0,100.0,11000.0,9860000.0,22000.0,100.0,20000.0,81.8,14600.0,32.7,14350.0,30.5,13650.0,24.1,10650.0,-3.2,2020,13153042.0,3503811.0,3650101.0
코스닥 상장추진,뷰노,338220,2020-12-18,2021-02-08,2021-02-16,2021-02-19,2021-02-26,2021-02-26,"미래에셋증권 주식회사,삼성증권㈜","뷰노메드 음성솔루션, 뷰노메드 영상솔루션, 기타 솔루션 등",신규상장,주권,"자료처리, 호스팅, 포털 및 기타 인터넷 정보매개 서비스업",대한민국,37800.0,100.0,21000.0,10825069.0,32900.0,56.7,32150.0,53.1,26850.0,27.9,20350.0,-3.1,24000.0,14.3,9970.0,-52.5,2020,162098.0,-6021757.0,-5912548.0
유가증권 상장추진,솔루엠,248070,2020-12-17,2021-01-14,2021-01-21,2021-01-26,2021-02-02,2021-02-02,"미래에셋증권 주식회사,KB증권㈜","POWER, 3in1 Board, ESL 등",신규상장,주권,전자부품 제조업,대한민국,108800.0,500.0,17000.0,42508362.0,34000.0,100.0,29150.0,71.5,23000.0,35.3,24550.0,44.4,30450.0,79.1,22800.0,34.1,2020,630887649.0,12553196.0,7131824.0
코스닥 상장추진,핑거,163730,2020-12-16,2021-01-14,2021-01-21,2021-01-26,2021-01-29,2021-01-29,대신증권㈜,"스마트 금융 플랫폼, 핀테크 금융 솔루션",신규상장,주권,소프트웨어 개발 및 공급업,대한민국,20800.0,500.0,16000.0,8839014.0,32000.0,0.0,29100.0,0.0,27250.0,0.0,21400.0,0.0,23000.0,0.0,21000.0,0.0,2020,56800180.0,5170550.0,3695051.0
코스닥 상장추진,선진뷰티사이언스,086710,2020-11-27,2021-01-12,2021-01-18,2021-01-21,2021-01-27,2021-01-27,"신한투자증권 주식회사,삼성증권㈜",화장품 원료,신규상장,주권,기타 화학제품 제조업,대한민국,21103.0,500.0,11500.0,6115650.0,11527.0,100.0,14986.0,160.0,11026.0,91.3,10174.0,76.5,9573.0,66.1,6916.0,20.0,2020,44290163.0,4122634.0,4036233.0
코스닥 상장추진,레인보우로보틱스,277810,2020-11-27,2021-01-18,2021-01-25,2021-01-28,2021-02-03,2021-02-03,"대신증권㈜,미래에셋증권 주식회사","협동로봇, 천문마운트시스템, 이족보행로봇 등",신규상장,주권,특수 목적용 기계 제조업,대한민국,26500.0,500.0,10000.0,15584500.0,20000.0,100.0,26000.0,160.0,23550.0,135.5,24400.0,144.0,21950.0,119.5,23900.0,139.0,2020,1693984.0,-5399715.0,-5497206.0
코스닥 상장추진,석경에이티,357550,2020-11-19,2020-12-10,2020-12-15,2020-12-17,2020-12-23,2020-12-23,한국투자증권㈜,바이오 및 전기전자 나노 소재,신규상장,주권,기초 화학물질 제조업,대한민국,10000.0,500.0,10000.0,5455000.0,20000.0,100.0,26000.0,160.0,31850.0,218.5,21550.0,115.5,20200.0,102.0,19450.0,94.5,2020,6325031.0,1239477.0,1032522.0
코스닥 상장추진,프리시젼바이오,335810,2020-11-17,2020-12-08,2020-12-14,2020-12-16,2020-12-22,2020-12-22,한국투자증권㈜,체외진단 기기 및 시약,신규상장,주권,의료용 기기 제조업,대한민국,18750.0,500.0,12500.0,11243846.0,25000.0,100.0,32500.0,160.0,26050.0,108.4,16000.0,28.0,16000.0,28.0,11900.0,-4.8,2020,2408858.0,-2925290.0,-705624.0
코스닥 상장추진,와이더플래닛,321820,2020-11-17,2021-01-18,2021-01-25,2021-01-28,2021-02-03,2021-02-03,한국투자증권㈜,빅데이터/인공지능 마케팅플랫폼 및 데이터플랫폼,신규상장,주권,소프트웨어 개발 및 공급업,대한민국,16000.0,500.0,16000.0,6763282.0,24900.0,55.6,20000.0,25.0,24500.0,53.1,22000.0,37.5,25500.0,59.4,17150.0,7.2,2020,35385348.0,-2155431.0,-2083972.0
코스닥 상장추진,티엘비,356860,2020-11-09,2020-11-30,2020-12-03,2020-12-08,2020-12-14,2020-12-14,DB금융투자주식회사,SSD Module / DRAM Module PCB,신규상장,주권,전자부품 제조업,대한민국,38000.0,500.0,38000.0,4916315.0,37950.0,99.7,27250.0,43.4,28550.0,50.3,21400.0,12.6,19850.0,4.5,19325.0,1.7,2020,149136209.0,10866065.0,9204374.0
코스닥 상장추진,인바이오,352940,2020-10-30,2020-11-25,2020-12-02,2020-12-07,2020-12-11,2020-12-11,한국투자증권㈜,"살균제, 살충제, 제초제 등",신규상장,주권,"비료, 농약 및 살균, 살충제 제조업",대한민국,9454.0,500.0,5800.0,10084400.0,11600.0,100.0,12200.0,110.3,13450.0,131.9,12350.0,112.9,10950.0,88.8,6920.0,19.3,2020,33735609.0,4448859.0,1020273.0
코스닥 상장추진,엔젠바이오,354200,2020-10-30,2020-11-23,2020-12-01,2020-12-04,2020-12-10,2020-12-10,삼성증권㈜,"유전체 분야 진단시약 제조 및 유전체 분야 소프트웨어 연구,개발,판매",신규상장,주권,"그외 기타 전문, 과학 및 기술 서비스업",대한민국,34216.0,1000.0,14000.0,12215562.0,28000.0,0.0,25650.0,0.0,26650.0,0.0,15350.0,0.0,20000.0,0.0,14700.0,0.0,2020,1477559.0,-4249020.0,-6864822.0
코스닥 상장추진,엔비티,236810,2020-10-27,2021-01-06,2021-01-12,2021-01-15,2021-01-21,2021-01-21,미래에셋증권 주식회사,모바일 포인트 광고 플랫폼,신규상장,주권,광고업,대한민국,15808.0,100.0,19000.0,8314948.0,19000.0,100.0,18250.0,92.1,11775.0,23.9,12775.0,34.5,13375.0,40.8,13725.0,44.5,2020,45057863.0,2320972.0,743706.0
코스닥 상장추진,클리노믹스,352770,2020-10-26,2020-11-17,2020-11-23,2020-11-26,2020-12-04,2020-12-04,대신증권㈜,"Geno Series, CD-PRIME, Cancer Prime",신규상장,주권,의료용품 및 기타 의약 관련제품 제조업,대한민국,27415.0,100.0,13900.0,13205141.0,18500.0,0.0,19000.0,0.0,18200.0,0.0,12500.0,0.0,15550.0,0.0,11700.0,0.0,2020,3625200.0,-4282931.0,-5573446.0
코스닥 상장추진,앱코,129890,2020-10-26,2020-11-17,2020-11-23,2020-11-26,2020-12-02,2020-12-02,미래에셋증권 주식회사,"게이밍기어, 뉴라이프가전 등",신규상장,주권,컴퓨터 및 주변장치 제조업,대한민국,60920.0,500.0,24300.0,9688732.0,30150.0,24.1,28900.0,18.9,27800.0,14.4,26900.0,10.7,22900.0,-5.8,15050.0,-38.1,2020,84270937.0,5567067.0,3474389.0
코스닥 상장추진,포인트모바일,318020,2020-10-23,2020-11-16,2020-11-23,2020-11-26,2020-12-03,2020-12-03,하나증권주식회사,산업용 PDA,신규상장,주권,컴퓨터 및 주변장치 제조업,대한민국,16423.0,100.0,15000.0,6165000.0,15244.0,100.0,15523.0,103.7,28100.0,268.7,21697.0,184.7,21550.0,182.7,17450.0,128.9,2020,61657479.0,6835949.0,6789423.0
코스닥 상장추진,엔에프씨,265740,2020-10-23,2020-11-16,2020-11-23,2020-11-26,2020-12-02,2020-12-02,삼성증권㈜,화장품 원료 제조 및 판매,신규상장,주권,기타 화학제품 제조업,대한민국,26800.0,100.0,13400.0,8690000.0,20700.0,54.5,16950.0,26.5,13700.0,2.2,15700.0,17.2,16300.0,21.6,13450.0,0.4,2020,32432187.0,6803976.0,6532415.0
코스닥 상장추진,하나기술,299030,2020-10-16,2020-11-09,2020-11-13,2020-11-18,2020-11-25,2020-11-25,하나증권주식회사,"이차전지 제조장비(조립공정장비 83.07%, PACK공정 장비 12.92% 등)",신규상장,주권,특수 목적용 기계 제조업,대한민국,28000.0,500.0,35000.0,3234533.0,36234.0,100.0,47104.0,160.0,49278.0,172.0,52746.0,191.1,61300.0,238.4,51700.0,185.4,2020,59008137.0,5674673.0,4258338.0
코스닥 상장추진,티앤엘,340570,2020-10-16,2020-11-09,2020-11-12,2020-11-16,2020-11-20,2020-11-20,한국투자증권㈜,"창상치료재, 정형외과용 고정재",신규상장,주권,의료용품 및 기타 의약 관련제품 제조업,대한민국,28800.0,500.0,36000.0,4064000.0,36000.0,100.0,27000.0,50.0,22425.0,24.6,20450.0,13.6,27650.0,53.6,41900.0,132.8,2020,32646477.0,7723818.0,7290708.0
코스닥 상장추진,제일전기공업,199820,2020-10-16,2020-11-10,2020-11-17,2020-11-20,2020-11-26,2020-11-26,하나증권주식회사,"PCB Assay, 배선기구, 분전반 등",신규상장,주권,"전동기, 발전기 및 전기 변환 · 공급 · 제어 장치 제조업",대한민국,49300.0,500.0,17000.0,11110000.0,34000.0,100.0,28650.0,68.5,25450.0,49.7,22800.0,34.1,23750.0,39.7,19900.0,17.1,2020,146148121.0,16865818.0,14126527.0
코스닥 상장추진,알체라,347860,2020-10-15,2020-12-03,2020-12-10,2020-12-15,2020-12-21,2020-12-21,신영증권㈜,"얼굴인식 AI, 이상상황 감지 AI 등",신규상장,주권,소프트웨어 개발 및 공급업,대한민국,20000.0,500.0,10000.0,13368794.0,15741.0,100.0,20463.0,160.0,26326.0,234.5,28176.0,258.0,25106.0,219.0,25736.0,227.0,2020,3291179.0,-2234625.0,-11415985.0
유가증권 상장추진,에이플러스에셋,244920,2020-10-14,2020-11-05,2020-11-10,2020-11-13,2020-11-20,2020-11-20,"엔에이치투자증권주식회사,IBK투자증권㈜",보험대리 및 중개업,신규상장,주권,보험 및 연금관련 서비스업,대한민국,16789.0,500.0,7500.0,22607693.0,8100.0,8.0,6880.0,-8.3,5740.0,-23.5,6550.0,-12.7,8650.0,15.3,10850.0,44.7,2020,231617394.0,20272413.0,13967201.0
코스닥 상장추진,퀀타매트릭스,317690,2020-10-12,2020-11-25,2020-11-30,2020-12-03,2020-12-09,2020-12-09,미래에셋증권 주식회사,신속항균제검사 장비 및 키트,신규상장,주권,의료용 기기 제조업,대한민국,43529.0,500.0,25500.0,14589324.0,25050.0,-1.8,24100.0,-5.5,26500.0,3.9,15000.0,-41.2,13400.0,-47.5,10850.0,-57.5,2020,903529.0,-12902695.0,-62173063.0
유가증권 상장추진,명신산업,009900,2020-10-12,2020-11-24,2020-11-27,2020-12-01,2020-12-07,2020-12-07,"미래에셋증권 주식회사,현대차증권주식회사",자동차차체부품,신규상장,주권,자동차 신품 부품 제조업,대한민국,102237.0,500.0,6500.0,40779120.0,13000.0,100.0,16900.0,160.0,46300.0,612.3,25450.0,291.5,25550.0,293.1,27700.0,326.2,2020,170102432.0,11241479.0,-2080248.0
코스닥 상장추진,네패스아크,330860,2020-10-08,2020-11-02,2020-11-09,2020-11-11,2020-11-17,2020-11-17,미래에셋증권 주식회사,반도체 테스트 서비스,신규상장,주권,"그외 기타 전문, 과학 및 기술 서비스업",대한민국,62021.0,500.0,26500.0,8626115.0,36200.0,36.6,38700.0,46.0,42950.0,62.1,53200.0,100.8,40200.0,51.7,49800.0,87.9,2020,54718939.0,18211749.0,4652733.0
코스닥 상장추진,모비릭스,348030,2020-10-06,2021-01-14,2021-01-19,2021-01-22,2021-01-28,2021-01-28,한국투자증권㈜,모바일 게임 개발 및 퍼블리싱,신규상장,주권,소프트웨어 개발 및 공급업,대한민국,25200.0,100.0,14000.0,9279000.0,28000.0,100.0,36400.0,160.0,20900.0,49.3,24150.0,72.5,20550.0,46.8,20600.0,47.1,2020,40340220.0,7435235.0,6188922.0
유가증권 상장추진,교촌에프앤비,339770,2020-10-05,2020-10-28,2020-11-03,2020-11-06,2020-11-12,2020-11-12,미래에셋증권 주식회사,치킨 프랜차이즈,신규상장,주권,음·식료품 및 담배 도매업,대한민국,71340.0,500.0,12300.0,24982540.0,23850.0,93.9,31000.0,152.0,21050.0,71.1,18950.0,54.1,19700.0,60.2,18050.0,46.7,2020,369252584.0,31920502.0,21045132.0
코스닥 상장추진,소룩스,290690,2020-09-25,2020-10-23,2020-10-29,2020-11-02,2020-11-06,2020-11-06,미래에셋증권 주식회사,"실내등(형광등, LED등), 실외등, 특수등",신규상장,주권,전구 및 조명장치 제조업,대한민국,19737.0,100.0,10000.0,8158160.0,20000.0,100.0,26000.0,160.0,24600.0,146.0,21000.0,110.0,19100.0,91.0,11750.0,17.5,2020,71108354.0,6870332.0,5793939.0
코스닥 상장추진,고바이오랩,348150,2020-09-22,2020-11-03,2020-11-09,2020-11-12,2020-11-18,2020-11-18,"대신증권㈜,삼성증권㈜",마이크로바이옴 치료제 및 건강기능식품,신규상장,주권,자연과학 및 공학 연구개발업,대한민국,30000.0,500.0,15000.0,15415766.0,30000.0,100.0,31300.0,108.7,39300.0,162.0,42950.0,186.3,33650.0,124.3,24650.0,64.3,2020,576519.0,-5734638.0,-44214672.0
코스닥 상장추진,위드텍,348350,2020-09-11,2020-10-14,2020-10-20,2020-10-23,2020-10-30,2020-10-30,하나증권주식회사,"AMCs 모니터링 시스템, 공정 프로세스 모니터링 시스템, TMS",신규상장,주권,"측정, 시험, 항해, 제어 및 기타 정밀기기 제조업; 광학기기 제외",대한민국,26500.0,500.0,25000.0,5091800.0,18550.0,48.4,20550.0,64.4,27400.0,119.2,27650.0,121.2,26750.0,114.0,19150.0,53.2,2020,58060838.0,12428652.0,11129066.0
코스닥 상장추진,넥스틴,348210,2020-08-27,2020-09-18,2020-09-24,2020-09-29,2020-10-08,2020-10-08,KB증권㈜,반도체 전공정용 패턴결함 검사장비(AEGIS 등),신규상장,주권,특수 목적용 기계 제조업,대한민국,24128.0,500.0,75400.0,3134160.0,23714.0,-5.7,23881.0,-5.0,26449.0,5.2,58368.0,132.1,78400.0,211.7,56100.0,123.1,2020,9393623.0,-1886278.0,-2625057.0
코스닥 상장추진,센코,347000,2020-08-20,2020-10-13,2020-10-20,2020-10-23,2020-10-29,2020-10-29,한국투자증권㈜,"가스센서 및 모듈, 휴대용 및 고정형 가스검지기, 악취 & 미세먼지 모니터링 시스템",신규상장,주권,전자부품 제조업,대한민국,20956.0,500.0,13000.0,7770644.0,13350.0,2.7,15250.0,17.3,27700.0,113.1,27450.0,111.2,21500.0,65.4,21400.0,64.6,2020,19834609.0,2347484.0,-2411323.0
코스닥 상장추진,바이브컴퍼니,301300,2020-08-19,2020-10-12,2020-10-19,2020-10-22,2020-10-28,2020-10-28,한국투자증권㈜,"소셜 빅데이터 기반 인공지능 서비스 (소셜메트릭스), 문제 해결 솔루션 (AI Solver)",신규상장,주권,소프트웨어 개발 및 공급업,대한민국,18200.0,500.0,28000.0,5394170.0,20039.0,42.9,15680.0,11.8,17684.0,26.1,17083.0,21.8,15755.0,12.3,18385.0,31.1,2020,16298058.0,-344299.0,-776561.0
코스닥 상장추진,원방테크,053080,2020-08-18,2020-09-08,2020-09-15,2020-09-18,2020-09-24,2020-09-24,미래에셋증권 주식회사,클린룸 설비,신규상장,주권,일반 목적용 기계 제조업,대한민국,69651.0,500.0,54300.0,4294143.0,16422.0,-9.9,14676.0,-19.5,14458.0,-20.7,16960.0,-7.0,15264.0,-16.3,20150.0,10.5,2020,93421339.0,8982981.0,7865620.0
코스닥 상장추진,핌스,347770,2020-08-11,2020-09-02,2020-09-09,2020-09-11,2020-09-18,2020-09-18,DB금융투자주식회사,OLED Metal Mask,신규상장,주권,전자부품 제조업,대한민국,38000.0,500.0,19000.0,7264943.0,21000.0,10.5,18300.0,-3.7,15000.0,-21.1,15450.0,-18.7,16500.0,-13.2,28100.0,47.9,2020,37783376.0,6524751.0,5551016.0
코스닥 상장추진,압타머사이언스,291650,2020-08-10,2020-09-02,2020-09-07,2020-09-10,2020-09-16,2020-09-16,키움증권㈜,압타머기반 신약개발 및 진단제품 개발,신규상장,주권,자연과학 및 공학 연구개발업,대한민국,32500.0,500.0,25000.0,8466126.0,14425.0,15.4,13875.0,11.0,10075.0,-19.4,12500.0,0.0,11450.0,-8.4,12600.0,0.8,2020,407591.0,-3291562.0,-3852555.0
코스닥 상장추진,비비씨,318410,2020-08-10,2020-09-02,2020-09-09,2020-09-14,2020-09-21,2020-09-21,미래에셋증권 주식회사,덴탈 케어용 소재(테이퍼모 등),신규상장,주권,그외 기타 제품 제조업,대한민국,36840.0,500.0,30700.0,5358683.0,27650.0,-9.9,22300.0,-27.4,18850.0,-38.6,18800.0,-38.8,19250.0,-37.3,17000.0,-44.6,2020,19072693.0,3709087.0,5652640.0
코스닥 상장추진,박셀바이오,323990,2020-08-07,2020-09-03,2020-09-10,2020-09-15,2020-09-22,2020-09-22,하나증권주식회사,"항암면역세포치료제(자연살해세포, 수지상세포, CAR-T 및 인터루킨 기반 항암제)",신규상장,주권,자연과학 및 공학 연구개발업,대한민국,29555.0,500.0,30000.0,7523000.0,13500.0,-10.0,10650.0,-29.0,12300.0,-18.0,108050.0,620.3,123200.0,721.3,79000.0,426.7,2020,0.0,-4010647.0,-1253758.0
코스닥 상장추진,피플바이오,304840,2020-08-06,2020-09-23,2020-10-07,2020-10-13,2020-10-19,2020-10-19,키움증권㈜,올리고머화 베타-아밀로이드 검사제품(알츠하이머병 진단),신규상장,주권,의료용품 및 기타 의약 관련제품 제조업,대한민국,10000.0,500.0,20000.0,5504470.0,9047.0,-10.0,11762.0,17.0,21789.0,116.7,30661.0,205.0,21563.0,114.5,14900.0,48.2,2020,895040.0,-4061582.0,-4001192.0
코스닥 상장추진,카카오게임즈,293490,2020-08-03,2020-08-26,2020-09-01,2020-09-04,2020-09-10,2020-09-10,"한국투자증권㈜,삼성증권㈜","모바일, PC게임 퍼블리싱",신규상장,주권,소프트웨어 개발 및 공급업,대한민국,384000.0,100.0,24000.0,73204731.0,48000.0,100.0,62400.0,160.0,49150.0,104.8,49150.0,104.8,47950.0,99.8,82000.0,241.7,2020,322391748.0,49602221.0,33314837.0
코스닥 상장추진,이오플로우,294090,2020-07-16,2020-08-27,2020-09-03,2020-09-08,2020-09-14,2020-09-14,하나증권주식회사,웨어러블 인슐린펌프,신규상장,주권,의료용 기기 제조업,대한민국,26600.0,100.0,19000.0,10906640.0,10368.0,14.5,9534.0,5.3,21213.0,134.2,28888.0,218.9,31462.0,247.4,24502.0,170.5,2020,0.0,-6660716.0,-9081662.0
코스닥 상장추진,아이디피,332370,2020-07-15,2020-08-06,2020-08-11,2020-08-14,2020-08-24,2020-08-24,키움증권㈜,"카드인쇄용 프린터, 카드인쇄용 리본",신규상장,주권,컴퓨터 및 주변장치 제조업,대한민국,15680.0,500.0,9800.0,6636863.0,6600.0,34.7,6250.0,27.6,5100.0,4.1,4275.0,-12.8,4155.0,-15.2,4555.0,-7.0,2020,23230043.0,4301223.0,2916367.0
코스닥 상장추진,미투젠,950190,2020-07-09,2020-07-30,2020-08-05,2020-08-07,2020-08-18,2020-08-18,미래에셋증권 주식회사,"캐주얼게임, 소셜카지노게임",신규상장,주식예탁증권,소프트웨어 개발 및 공급업,홍콩,86378.0,0.0,27000.0,12889592.0,29100.0,7.8,25500.0,-5.6,30050.0,11.3,27500.0,1.9,24750.0,-8.3,21900.0,-18.9,2020,96952768.0,42164803.0,34517266.0
코스닥 상장추진,브랜드엑스코퍼레이션,337930,2020-07-08,2020-07-30,2020-08-04,2020-08-07,2020-08-13,2020-08-13,"대신증권㈜,삼성증권㈜","애슬레저의류, 생활/청결 용품",신규상장,주권,기타 정보 서비스업,대한민국,49364.0,500.0,13000.0,19062968.0,8613.0,-0.8,7812.0,-10.0,9081.0,4.6,7412.0,-14.6,7311.0,-15.8,9047.0,4.2,2020,56927530.0,10379127.0,7891584.0
코스닥 상장추진,영림원소프트랩,060850,2020-07-03,2020-07-27,2020-08-03,2020-08-06,2020-08-12,2020-08-12,미래에셋증권 주식회사,"ERP Package, 유지 관리 등",신규상장,주권,소프트웨어 개발 및 공급업,대한민국,19550.0,500.0,11500.0,8131000.0,17600.0,53.0,13650.0,18.7,17750.0,54.3,14500.0,26.1,14200.0,23.5,12700.0,10.4,2020,37899377.0,4192074.0,4127191.0
코스닥 상장추진,한국파마,032300,2020-06-30,2020-07-22,2020-07-29,2020-08-03,2020-08-10,2020-08-10,미래에셋증권 주식회사,"완제의약품(정신신경계, 소화기계, 순환기계, 항생항균, 기타)",신규상장,주권,의약품 제조업,대한민국,29187.0,500.0,9000.0,10906701.0,18000.0,100.0,16850.0,87.2,20750.0,130.6,24350.0,170.6,66900.0,643.3,56000.0,522.2,2020,66136200.0,7236764.0,5527648.0
코스닥 상장추진,이루다,164060,2020-06-25,2020-07-20,2020-07-27,2020-07-30,2020-08-06,2020-08-06,미래에셋증권 주식회사,레이저 및 고주파 의료기기,신규상장,주권,의료용 기기 제조업,대한민국,13500.0,500.0,9000.0,7065000.0,8217.0,100.0,8057.0,96.1,6848.0,66.7,5592.0,36.1,6026.0,46.7,5957.0,45.0,2020,21403026.0,3516410.0,2935253.0
코스닥 상장추진,와이팜,332570,2020-06-24,2020-07-16,2020-07-21,2020-07-24,2020-07-31,2020-07-31,엔에이치투자증권주식회사,전력증폭기 모듈(PAM),신규상장,주권,전자부품 제조업,대한민국,81711.0,500.0,11000.0,37141356.0,15550.0,41.4,18800.0,70.9,15500.0,40.9,12550.0,14.1,13850.0,25.9,9200.0,-16.4,2020,125428748.0,11966074.0,11333859.0
코스닥 상장추진,셀레믹스,331920,2020-06-24,2020-08-03,2020-08-10,2020-08-13,2020-08-21,2020-08-21,대신증권㈜,타겟캡처키트,신규상장,주권,기초 의약물질 및 생물학적 제제 제조업,대한민국,26400.0,500.0,20000.0,7804083.0,24900.0,24.5,25800.0,29.0,24300.0,21.5,28250.0,41.3,24350.0,21.8,19250.0,-3.8,2020,5141422.0,-5059093.0,-2255641.0
코스닥 상장추진,엠투아이,347890,2020-06-17,2020-07-09,2020-07-16,2020-07-21,2020-07-29,2020-07-29,미래에셋증권 주식회사,"스마트HMI, 스마트SCADA, 스마트팩토리솔루션",신규상장,주권,"측정, 시험, 항해, 제어 및 기타 정밀기기 제조업; 광학기기 제외",대한민국,52026.0,100.0,15600.0,8399102.0,9447.0,20.8,7968.0,1.9,7392.0,-5.4,7542.0,-3.5,9422.0,20.5,10000.0,27.9,2020,24714875.0,6669529.0,6002613.0
코스닥 상장추진,더네이쳐홀딩스,298540,2020-06-12,2020-07-08,2020-07-15,2020-07-20,2020-07-27,2020-07-27,한국투자증권㈜,"의류, 여행용 가방 및 잡화류",신규상장,주권,"섬유, 의복, 신발 및 가죽제품 소매업",대한민국,55200.0,500.0,46000.0,7182381.0,20700.0,-10.0,21500.0,-6.5,21450.0,-6.7,21250.0,-7.6,20325.0,-11.6,36400.0,58.3,2020,235344099.0,40035565.0,16318756.0
코스닥 상장추진,에이프로,262260,2020-06-10,2020-07-02,2020-07-08,2020-07-10,2020-07-16,2020-07-16,엔에이치투자증권주식회사,"2차전지 장비 등(일반충방전기, 고온가압 충방전기 등)",신규상장,주권,기타 전기장비 제조업,대한민국,29547.0,500.0,21600.0,6345954.0,21600.0,100.0,28050.0,159.7,22225.0,105.8,19300.0,78.7,23775.0,120.1,20000.0,85.2,2020,67358476.0,10382613.0,7578279.0
코스닥 상장추진,신도기연,290520,2020-05-28,2020-06-22,2020-06-25,2020-06-29,2020-07-06,2020-07-06,한국투자증권㈜,"OLED용 후공정장비(라미네이터, 오토클레이브 등)",신규상장,주권,특수 목적용 기계 제조업,대한민국,20800.0,500.0,16000.0,8061280.0,16206.0,100.0,11344.0,40.0,10458.0,29.1,11268.0,39.1,9698.0,19.7,9166.0,13.1,2020,83428397.0,16613876.0,14920105.0
코스닥 상장추진,솔트룩스,304100,2020-05-28,2020-07-07,2020-07-13,2020-07-16,2020-07-23,2020-07-23,한국투자증권㈜,인공지능 및 빅데이터 소프트웨어,신규상장,주권,소프트웨어 개발 및 공급업,대한민국,18750.0,500.0,25000.0,5031515.0,20033.0,60.0,17178.0,37.2,14299.0,14.2,18105.0,44.6,17529.0,40.0,15601.0,24.6,2020,17138284.0,568766.0,1373712.0
코스닥 상장추진,위더스제약,330350,2020-05-27,2020-06-18,2020-06-25,2020-06-29,2020-07-03,2020-07-03,"엔에이치투자증권주식회사,삼성증권㈜",의약품 제조 및 도소매(순환기용제 등),신규상장,주권,의약품 제조업,대한민국,25440.0,200.0,15900.0,8792415.0,21200.0,100.0,22933.0,116.4,16300.0,53.8,13733.0,29.6,14500.0,36.8,13450.0,26.9,2020,51732082.0,10934657.0,8661484.0
유가증권 상장추진,에스케이바이오팜,326030,2020-05-19,2020-06-16,2020-06-23,2020-06-26,2020-07-02,2020-07-02,"엔에이치투자증권주식회사,씨티그룹글로벌마켓증권㈜",신경질환 및 정신질환을 포함한 중추신경 관련 신약 개발,신규상장,주권,자연과학 및 공학 연구개발업,대한민국,959337.0,500.0,49000.0,78313250.0,98000.0,100.0,127000.0,159.2,186500.0,280.6,159000.0,224.5,171000.0,249.0,123500.0,152.0,2020,123814229.0,-87619325.0,-90983120.0
코스닥 상장추진,에스씨엠생명과학,298060,2020-05-12,2020-06-02,2020-06-08,2020-06-11,2020-06-17,2020-06-17,한국투자증권㈜,세포치료제,신규상장,주권,의약품 제조업,대한민국,30600.0,500.0,17000.0,11026646.0,29500.0,73.5,36100.0,112.4,26000.0,52.9,31500.0,85.3,34700.0,104.1,31700.0,86.5,2020,168499.0,-12202218.0,-42553754.0
코스닥 상장추진,드림씨아이에스,223250,2020-04-10,2020-05-07,2020-05-12,2020-05-15,2020-05-22,2020-05-22,엔에이치투자증권주식회사,시판후조사대행(rPMS),신규상장,주권,자연과학 및 공학 연구개발업,대한민국,20186.0,500.0,14900.0,5419150.0,28000.0,87.9,30500.0,104.7,26050.0,74.8,24500.0,64.4,19550.0,31.2,17400.0,16.8,2020,22108907.0,4335672.0,4150871.0
코스닥 상장추진,소마젠,950200,2020-04-09,2020-06-22,2020-06-29,2020-07-02,2020-07-13,2020-07-13,신한투자증권 주식회사,"유전체 분석 서비스 (NGS, CES 등)",신규상장,주식예탁증권,"그외 기타 전문, 과학 및 기술 서비스업",미국,46200.0,0.1,11000.0,16861261.0,11650.0,5.9,15100.0,37.3,16950.0,54.1,15100.0,37.3,18150.0,65.0,13650.0,24.1,2020,20086832.0,-4857527.0,-23066854.0
